Current,REG0,REG1,REG2,REG3,REG4,REG5,REG6
0.025,255,255,0,16,237,33,96,
0.025,0,0,0,20,0,32,95,
0.025,0,0,0,24,18,33,94,
0.025,0,255,0,28,30,33,96,
0.025,0,0,0,16,17,32,95,
0.025,255,255,0,20,254,32,96,
0.025,255,0,0,24,224,32,94,
0.025,0,255,255,28,15,47,95,
0.025,0,0,0,16,1,32,95,
0.025,0,255,0,20,13,32,95,
0.025,0,255,0,24,15,32,96,
0.025,255,255,0,28,254,32,95,
0.025,0,255,0,16,15,32,95,
0.025,0,0,255,20,16,47,94,
0.025,0,0,0,24,17,32,95,
0.025,255,255,0,28,221,32,95,
0.025,0,255,255,16,14,47,96,
0.025,0,255,255,20,15,47,95,
0.025,255,0,0,24,208,32,95,
0.025,0,255,0,28,15,32,95,
0.025,0,0,0,16,0,32,96,
0.025,255,255,0,20,239,33,94,
0.025,0,255,255,24,15,47,96,
0.025,0,0,255,28,1,47,95,
0.025,255,0,0,16,226,32,94,
0.025,255,255,255,20,253,47,95,
0.025,255,255,0,24,238,32,95,
0.025,0,0,0,28,0,32,95,
0.025,0,0,255,16,1,47,95,
0.025,0,255,0,20,31,32,94,
0.025,0,0,0,24,17,32,96,
0.025,0,255,255,28,31,47,95,
0.025,255,255,0,16,238,32,95,
0.025,255,255,255,20,254,47,95,
0.025,0,255,0,24,13,32,95,
0.025,255,0,0,28,241,32,95,
0.025,0,255,0,16,63,32,97,
0.025,0,0,0,20,32,32,95,
0.025,0,255,255,24,15,47,95,
0.025,0,0,255,28,64,47,94,
0.025,255,255,0,16,254,32,95,
0.025,0,255,0,20,15,33,96,
0.025,0,0,0,24,1,32,95,
0.025,255,0,0,28,241,32,94,
0.025,0,0,0,16,16,33,95,
0.025,0,0,0,20,32,33,96,
0.025,0,0,255,24,49,46,95,
0.025,0,255,0,28,15,33,94,
0.025,0,255,0,16,28,32,95,
0.025,0,255,0,20,31,32,95,
0.045,0,0,0,16,18,33,95,
0.045,0,0,0,20,1,32,95,
0.045,255,0,255,24,242,47,96,
0.045,0,0,0,28,19,32,95,
0.045,255,0,0,16,210,32,95,
0.045,0,255,0,20,15,32,95,
0.045,0,0,0,24,1,32,95,
0.045,255,0,0,28,240,32,94,
0.045,255,0,0,16,227,32,95,
0.045,0,0,0,20,16,32,96,
0.045,0,0,0,24,1,32,95,
0.045,0,0,0,28,2,32,97,
0.045,255,255,0,16,239,32,95,
0.045,0,0,0,20,18,32,96,
0.045,255,0,0,24,224,32,95,
0.045,0,0,0,28,17,32,95,
0.045,0,0,255,16,1,47,95,
0.045,0,0,0,20,0,32,95,
0.045,255,255,0,24,255,32,95,
0.045,255,0,0,28,241,32,95,
0.045,0,0,0,16,18,32,96,
0.045,0,0,0,20,16,33,96,
0.045,255,0,0,24,242,33,95,
0.045,255,0,0,28,240,32,95,
0.045,255,0,255,16,240,47,95,
0.045,0,255,0,20,31,32,95,
0.045,0,0,0,24,2,32,96,
0.045,255,0,0,28,241,32,96,
0.045,0,0,0,16,17,33,95,
0.045,0,0,0,20,19,32,96,
0.045,0,0,255,24,3,47,96,
0.045,0,0,0,28,32,33,95,
0.045,0,0,0,16,1,32,94,
0.045,255,0,0,20,242,33,96,
0.045,0,0,0,24,17,34,96,
0.045,0,0,0,28,16,33,95,
0.045,0,0,0,16,1,32,96,
0.045,0,0,0,20,16,32,96,
0.045,255,0,0,24,240,32,95,
0.045,0,0,0,28,0,32,96,
0.045,0,0,255,16,1,46,95,
0.045,255,255,0,20,222,32,95,
0.045,0,0,255,24,0,47,95,
0.045,0,0,0,28,18,32,95,
0.045,0,0,0,16,32,33,94,
0.045,0,255,0,20,47,32,97,
0.045,0,0,0,24,17,33,95,
0.045,255,0,0,28,226,32,94,
0.045,0,0,0,16,34,32,96,
0.045,0,0,0,20,0,32,96,
0.145,255,0,0,16,242,32,95,
0.145,0,0,255,20,17,47,96,
0.145,255,0,0,24,244,32,95,
0.145,0,0,0,28,19,32,96,
0.145,0,0,0,16,19,32,96,
0.145,0,0,255,20,20,47,95,
0.145,0,0,0,24,5,32,95,
0.145,0,0,0,28,35,32,94,
0.145,0,0,0,16,20,33,96,
0.145,0,0,0,20,17,33,95,
0.145,0,0,0,24,3,32,96,
0.145,0,0,0,28,19,32,95,
0.145,0,0,0,16,2,32,96,
0.145,255,0,0,20,242,33,94,
0.145,255,0,0,24,242,33,96,
0.145,0,0,0,28,1,32,95,
0.145,255,0,0,16,227,33,95,
0.145,255,0,255,20,240,47,95,
0.145,0,0,0,24,50,33,96,
0.145,0,0,255,28,18,47,95,
0.145,0,0,255,16,1,47,96,
0.145,0,0,255,20,2,47,94,
0.145,0,255,0,24,63,33,95,
0.145,255,0,0,28,241,32,95,
0.145,0,0,0,16,3,32,95,
0.145,0,0,0,20,1,34,96,
0.145,0,0,255,24,19,47,95,
0.145,255,0,255,28,226,47,96,
0.145,255,0,0,16,243,32,96,
0.145,255,0,0,20,226,33,95,
0.145,255,0,0,24,243,32,95,
0.145,255,0,255,28,243,47,95,
0.145,255,0,0,16,243,32,96,
0.145,255,0,0,20,227,33,95,
0.145,255,0,0,24,226,33,94,
0.145,0,0,255,28,18,47,96,
0.145,0,0,0,16,50,32,95,
0.145,255,0,0,20,225,32,95,
0.145,0,0,0,24,19,32,95,
0.145,255,0,0,28,243,33,96,
0.145,255,0,255,16,225,47,95,
0.145,0,0,0,20,20,32,96,
0.145,0,0,0,24,2,33,95,
0.145,255,0,0,28,229,32,95,
0.145,0,0,0,16,20,33,96,
0.145,0,0,255,20,35,47,95,
0.145,255,0,255,24,243,47,95,
0.145,0,0,0,28,1,33,96,
0.145,0,0,255,16,19,47,95,
0.145,255,0,0,20,210,32,95,
0.245,0,0,0,16,18,32,95,
0.245,255,0,0,20,212,32,96,
0.245,255,0,0,24,214,32,95,
0.245,255,0,255,28,243,47,96,
0.245,255,0,0,16,244,32,95,
0.245,0,0,255,20,5,46,95,
0.245,0,0,0,24,3,32,96,
0.245,255,0,0,28,196,32,95,
0.245,0,0,0,16,21,32,95,
0.245,0,0,0,20,5,32,95,
0.245,0,0,0,24,5,33,94,
0.245,0,0,0,28,3,32,95,
0.245,255,0,0,16,212,32,95,
0.245,0,0,0,20,5,33,95,
0.245,255,0,0,24,210,33,95,
0.245,0,0,0,28,19,32,95,
0.245,0,0,0,16,20,32,94,
0.245,255,0,0,20,243,32,95,
0.245,0,0,255,24,5,47,94,
0.245,0,0,255,28,5,47,96,
0.245,0,0,0,16,34,33,95,
0.245,255,0,0,20,245,33,95,
0.245,255,0,0,24,244,32,96,
0.245,0,0,0,28,20,32,95,
0.245,0,0,0,16,22,32,95,
0.245,255,0,0,20,228,33,95,
0.245,0,0,0,24,20,33,96,
0.245,0,0,255,28,4,47,95,
0.245,0,0,0,16,4,33,95,
0.245,255,0,255,20,245,47,95,
0.245,0,0,0,24,4,32,95,
0.245,255,0,0,28,227,32,96,
0.245,0,0,0,16,5,32,95,
0.245,255,0,255,20,210,47,96,
0.245,255,0,0,24,245,32,95,
0.245,0,0,255,28,37,46,95,
0.245,0,0,0,16,6,32,95,
0.245,0,0,0,20,20,32,95,
0.245,0,0,0,24,22,32,95,
0.245,255,0,0,28,243,32,94,
0.245,0,0,0,16,21,32,95,
0.245,255,0,0,20,228,32,96,
0.245,255,0,0,24,244,33,94,
0.245,0,0,0,28,36,32,95,
0.245,255,0,0,16,241,32,96,
0.245,255,0,255,20,243,47,96,
0.245,0,0,0,24,38,33,95,
0.245,255,0,0,28,242,32,95,
0.245,0,0,0,16,21,32,95,
0.245,255,0,0,20,198,32,95,
0.345,0,0,255,16,5,47,95,
0.345,255,0,0,20,228,32,95,
0.345,0,0,0,24,6,32,96,
0.345,255,0,0,28,247,32,95,
0.345,255,0,0,16,231,32,95,
0.345,0,0,0,20,8,32,95,
0.345,0,0,0,24,4,33,95,
0.345,0,0,0,28,4,32,95,
0.345,0,0,0,16,22,32,95,
0.345,255,0,255,20,230,47,95,
0.345,0,0,0,24,22,32,95,
0.345,255,0,0,28,199,32,95,
0.345,0,0,0,16,20,33,95,
0.345,255,0,0,20,245,32,96,
0.345,0,0,255,24,22,46,95,
0.345,0,0,255,28,22,47,95,
0.345,0,0,0,16,4,32,94,
0.345,0,0,0,20,22,32,96,
0.345,0,0,0,24,23,32,96,
0.345,255,0,0,28,248,33,95,
0.345,0,0,0,16,4,32,95,
0.345,0,0,255,20,19,47,96,
0.345,255,0,0,24,245,33,94,
0.345,255,0,255,28,246,47,96,
0.345,255,0,255,16,249,47,95,
0.345,255,0,255,20,246,47,95,
0.345,0,0,0,24,6,32,95,
0.345,255,0,0,28,197,32,96,
0.345,255,0,0,16,245,32,96,
0.345,255,0,0,20,245,32,95,
0.345,255,0,0,24,231,32,95,
0.345,0,0,0,28,24,32,96,
0.345,255,0,0,16,247,32,95,
0.345,0,0,0,20,38,32,95,
0.345,255,0,0,24,247,33,95,
0.345,255,0,0,28,229,32,95,
0.345,255,0,0,16,230,32,96,
0.345,255,0,255,20,245,47,95,
0.345,0,0,0,24,7,33,95,
0.345,0,0,0,28,23,33,95,
0.345,0,0,0,16,10,32,96,
0.345,0,0,255,20,38,47,95,
0.345,0,0,0,24,22,32,95,
0.345,0,0,0,28,22,32,94,
0.345,0,0,255,16,21,47,96,
0.345,0,0,255,20,36,47,95,
0.345,255,0,0,24,243,33,94,
0.345,255,0,0,28,229,32,96,
0.345,255,0,0,16,229,32,95,
0.345,255,0,0,20,246,32,95,
0.445,255,0,0,16,232,32,96,
0.445,255,0,0,20,216,32,96,
0.445,255,0,0,24,232,32,95,
0.445,255,0,0,28,246,33,96,
0.445,0,0,255,16,7,47,95,
0.445,255,0,0,20,247,32,95,
0.445,255,0,0,24,233,32,95,
0.445,255,0,255,28,245,47,95,
0.445,0,0,0,16,21,32,95,
0.445,255,0,255,20,231,47,96,
0.445,255,0,0,24,248,32,94,
0.445,255,0,255,28,230,47,95,
0.445,255,0,0,16,246,32,95,
0.445,255,0,0,20,245,33,94,
0.445,255,0,255,24,231,47,95,
0.445,0,0,0,28,40,32,95,
0.445,255,0,0,16,248,32,95,
0.445,0,0,0,20,7,33,96,
0.445,0,0,0,24,4,32,95,
0.445,0,0,0,28,23,32,96,
0.445,0,0,255,16,5,47,96,
0.445,0,0,255,20,23,47,95,
0.445,255,0,0,24,244,32,95,
0.445,0,0,0,28,19,32,95,
0.445,0,0,255,16,7,47,95,
0.445,255,0,0,20,248,32,95,
0.445,255,0,255,24,247,47,95,
0.445,0,0,255,28,6,47,96,
0.445,255,0,255,16,231,47,95,
0.445,0,0,0,20,8,32,95,
0.445,0,0,0,24,24,32,95,
0.445,255,0,255,28,248,47,95,
0.445,0,0,0,16,24,32,96,
0.445,255,0,0,20,200,32,94,
0.445,255,0,0,24,232,32,95,
0.445,0,0,255,28,6,47,96,
0.445,0,0,0,16,57,32,95,
0.445,0,0,0,20,10,33,94,
0.445,0,0,0,24,22,32,95,
0.445,0,0,255,28,38,47,96,
0.445,0,0,0,16,7,32,95,
0.445,0,0,0,20,6,33,94,
0.445,255,0,255,24,229,47,96,
0.445,255,0,0,28,246,32,95,
0.445,255,0,0,16,219,32,95,
0.445,255,0,0,20,245,33,96,
0.445,0,0,0,24,7,33,95,
0.445,255,0,255,28,249,47,95,
0.445,0,0,255,16,22,47,95,
0.445,0,0,0,20,5,32,95,
0.545,0,0,0,16,9,32,95,
0.545,0,0,0,20,7,32,95,
0.545,0,0,0,24,11,32,95,
0.545,255,0,0,28,250,33,95,
0.545,255,0,0,16,232,33,96,
0.545,255,0,0,20,233,33,95,
0.545,255,0,0,24,216,32,96,
0.545,255,0,0,28,233,33,96,
0.545,255,0,255,16,232,46,95,
0.545,0,0,0,20,11,32,96,
0.545,0,0,0,24,10,32,95,
0.545,255,0,0,28,248,33,95,
0.545,0,0,0,16,7,32,94,
0.545,255,0,255,20,250,47,96,
0.545,255,0,0,24,249,33,94,
0.545,0,0,0,28,9,32,94,
0.545,255,0,0,16,232,32,94,
0.545,255,0,255,20,250,47,95,
0.545,255,0,0,24,247,32,96,
0.545,255,0,0,28,232,33,96,
0.545,0,0,0,16,11,32,96,
0.545,0,0,255,20,8,47,96,
0.545,255,0,255,24,232,47,97,
0.545,255,0,0,28,247,32,94,
0.545,255,0,0,16,248,32,94,
0.545,0,0,0,20,42,32,94,
0.545,255,0,0,24,231,33,96,
0.545,255,0,0,28,234,32,95,
0.545,0,0,0,16,9,32,96,
0.545,0,0,0,20,7,32,95,
0.545,255,0,255,24,233,47,95,
0.545,0,0,255,28,12,47,95,
0.545,255,0,255,16,249,47,95,
0.545,255,0,0,20,248,32,96,
0.545,255,0,0,24,250,32,95,
0.545,0,0,0,28,41,32,96,
0.545,0,0,255,16,6,47,95,
0.545,255,0,0,20,230,32,95,
0.545,0,0,255,24,28,47,94,
0.545,255,0,255,28,216,47,94,
0.545,0,0,0,16,39,32,95,
0.545,255,0,0,20,233,32,95,
0.545,255,0,0,24,218,32,95,
0.545,255,0,255,28,247,47,96,
0.545,255,0,0,16,250,33,95,
0.545,0,0,0,20,9,33,95,
0.545,0,0,0,24,7,32,95,
0.545,0,0,0,28,8,32,95,
0.545,255,0,0,16,248,32,95,
0.545,0,0,255,20,25,47,96,
0.645,0,0,0,16,24,32,95,
0.645,0,0,255,20,13,47,95,
0.645,255,0,0,24,237,32,96,
0.645,0,0,255,28,42,46,95,
0.645,255,0,255,16,234,47,96,
0.645,255,0,0,20,235,32,96,
0.645,255,0,0,24,250,32,96,
0.645,255,0,0,28,252,32,95,
0.645,0,0,0,16,11,33,95,
0.645,255,0,255,20,250,47,94,
0.645,255,0,0,24,249,32,95,
0.645,255,0,255,28,251,47,95,
0.645,255,0,0,16,236,33,95,
0.645,0,0,0,20,10,32,96,
0.645,255,0,0,24,235,32,95,
0.645,0,0,255,28,11,46,95,
0.645,0,0,255,16,26,47,96,
0.645,255,0,0,20,250,32,95,
0.645,255,0,0,24,251,32,94,
0.645,0,0,0,28,27,32,95,
0.645,255,0,0,16,252,32,96,
0.645,0,0,0,20,11,32,96,
0.645,0,0,255,24,11,47,95,
0.645,0,0,255,28,43,47,94,
0.645,0,0,0,16,10,32,95,
0.645,0,0,0,20,11,32,95,
0.645,0,0,0,24,10,33,95,
0.645,0,0,255,28,9,47,95,
0.645,0,0,255,16,12,47,95,
0.645,0,0,255,20,25,47,95,
0.645,0,0,0,24,41,32,96,
0.645,255,0,255,28,218,47,95,
0.645,255,0,0,16,251,32,95,
0.645,0,0,255,20,9,47,96,
0.645,255,0,0,24,236,32,95,
0.645,0,0,255,28,27,47,95,
0.645,255,0,0,16,250,32,95,
0.645,255,0,0,20,235,33,95,
0.645,255,0,0,24,233,32,95,
0.645,255,0,0,28,249,32,95,
0.645,255,0,0,16,202,32,96,
0.645,0,0,255,20,11,47,96,
0.645,0,0,0,24,11,33,95,
0.645,0,0,0,28,24,32,96,
0.645,0,0,0,16,27,32,96,
0.645,0,0,0,20,10,32,96,
0.645,255,0,0,24,219,32,94,
0.645,255,0,0,28,234,32,95,
0.645,0,0,255,16,27,47,96,
0.645,0,0,0,20,28,32,96,
0.745,0,0,0,16,11,32,94,
0.745,0,0,255,20,10,47,95,
0.745,0,0,0,24,11,32,95,
0.745,0,0,0,28,11,32,95,
0.745,0,0,0,16,28,32,96,
0.745,0,0,0,20,28,32,95,
0.745,0,0,255,24,44,47,95,
0.745,255,0,0,28,235,33,95,
0.745,0,0,0,16,11,32,95,
0.745,255,0,0,20,252,32,95,
0.745,255,0,0,24,204,32,94,
0.745,0,0,0,28,12,32,94,
0.745,255,0,0,16,251,32,95,
0.745,255,0,0,20,221,32,96,
0.745,0,0,0,24,27,33,94,
0.745,0,0,0,28,13,32,95,
0.745,255,0,255,16,251,47,95,
0.745,0,0,0,20,29,32,94,
0.745,0,0,0,24,13,32,95,
0.745,0,0,0,28,14,32,95,
0.745,255,0,0,16,238,32,95,
0.745,255,0,0,20,237,33,95,
0.745,0,0,0,24,12,32,96,
0.745,255,0,0,28,218,32,94,
0.745,0,0,0,16,10,33,95,
0.745,0,0,255,20,29,47,95,
0.745,0,0,255,24,12,47,95,
0.745,255,0,255,28,250,47,96,
0.745,255,0,255,16,235,47,95,
0.745,255,0,0,20,252,32,95,
0.745,255,0,0,24,236,32,96,
0.745,255,0,0,28,236,32,95,
0.745,255,0,0,16,238,32,95,
0.745,0,0,255,20,11,47,95,
0.745,0,0,255,24,28,47,94,
0.745,0,0,255,28,27,46,95,
0.745,0,0,0,16,27,32,95,
0.745,0,0,0,20,13,32,96,
0.745,255,0,255,24,237,47,95,
0.745,255,0,0,28,252,33,95,
0.745,0,0,0,16,12,32,95,
0.745,255,0,0,20,249,33,95,
0.745,0,0,0,24,29,32,96,
0.745,255,0,0,28,251,32,96,
0.745,255,0,0,16,249,32,95,
0.745,255,0,0,20,251,32,94,
0.745,0,0,0,24,14,33,95,
0.745,255,0,0,28,237,32,95,
0.745,255,0,0,16,251,32,96,
0.745,255,0,255,20,236,47,95,
0.842,0,0,255,16,14,47,94,
0.842,255,0,255,20,238,47,95,
0.842,0,0,0,24,14,32,96,
0.842,255,0,255,28,239,47,96,
0.842,255,0,0,16,253,32,95,
0.842,255,0,0,20,238,32,95,
0.842,255,0,0,24,220,32,95,
0.842,0,0,255,28,30,47,96,
0.842,0,0,0,16,15,32,96,
0.842,255,0,0,20,253,32,96,
0.842,0,0,0,24,30,32,95,
0.842,255,0,255,28,252,47,95,
0.842,0,0,255,16,12,47,95,
0.842,255,1,255,20,225,47,94,
0.842,255,0,0,24,253,33,95,
0.842,255,0,255,28,238,47,95,
0.842,255,0,0,16,223,32,95,
0.842,255,0,255,20,237,47,95,
0.842,255,0,255,24,206,47,94,
0.842,255,0,0,28,207,33,96,
0.842,255,0,255,16,254,47,96,
0.842,255,0,0,20,239,33,95,
0.842,255,0,0,24,237,33,95,
0.842,255,0,0,28,254,32,95,
0.842,255,0,255,16,252,47,95,
0.842,255,0,255,20,254,47,95,
0.842,0,0,0,24,29,32,94,
0.842,255,0,0,28,237,32,95,
0.842,255,0,0,16,254,33,95,
0.842,0,0,255,20,28,47,96,
0.842,255,0,0,24,252,32,96,
0.842,255,0,255,28,237,47,94,
0.842,255,0,255,16,252,47,95,
0.842,0,0,0,20,15,32,95,
0.842,255,0,0,24,238,32,95,
0.842,0,0,0,28,29,32,94,
0.842,255,0,255,16,255,47,96,
0.842,0,0,255,20,13,47,96,
0.842,255,0,0,24,253,32,95,
0.842,0,0,0,28,13,32,96,
0.842,0,0,0,16,30,32,95,
0.842,255,0,255,20,254,47,96,
0.842,0,0,0,24,31,32,95,
0.842,255,0,0,28,255,32,95,
0.842,0,0,0,16,45,32,94,
0.842,255,0,0,20,255,32,95,
0.842,0,0,255,24,13,46,95,
0.842,255,0,255,28,255,47,95,
0.842,0,0,0,16,13,32,95,
0.842,255,0,255,20,254,47,95,
0.942,255,1,0,16,224,32,95,
0.942,255,0,255,20,255,47,94,
0.942,0,1,255,24,0,47,96,
0.942,255,0,255,28,239,47,95,
0.942,255,1,0,16,241,32,94,
0.942,255,0,255,20,255,47,95,
0.942,255,0,0,24,222,32,95,
0.942,255,1,255,28,225,47,96,
0.942,255,0,0,16,235,32,95,
0.942,0,0,0,20,12,33,95,
0.942,0,0,0,24,13,32,95,
0.942,255,0,0,28,222,32,95,
0.942,255,0,0,16,239,32,95,
0.942,255,1,0,20,241,32,96,
0.942,0,0,255,24,14,47,96,
0.942,255,1,255,28,208,47,95,
0.942,0,0,0,16,15,32,95,
0.942,255,0,0,20,238,32,95,
0.942,0,0,0,24,14,32,96,
0.942,255,0,0,28,255,34,94,
0.942,0,1,255,16,1,47,96,
0.942,255,0,0,20,221,32,95,
0.942,255,1,255,24,208,47,96,
0.942,255,0,0,28,237,32,95,
0.942,0,0,255,16,31,47,95,
0.942,255,0,255,20,223,47,95,
0.942,0,0,0,24,15,32,96,
0.942,255,0,255,28,253,47,96,
0.942,255,1,0,16,208,32,96,
0.942,255,0,255,20,205,46,96,
0.942,255,0,255,24,238,46,94,
0.942,255,0,0,28,239,32,94,
0.942,255,1,255,16,208,46,95,
0.942,255,0,0,20,237,33,96,
0.942,255,0,0,24,239,32,96,
0.942,255,0,0,28,254,32,95,
0.942,0,1,0,16,1,33,95,
0.942,255,0,0,20,255,32,96,
0.942,255,0,0,24,255,32,95,
0.942,255,1,255,28,225,47,96,
0.942,255,1,255,16,208,47,95,
0.942,0,1,255,20,0,47,95,
0.942,255,0,255,24,253,47,95,
0.942,0,1,0,28,1,33,96,
0.942,255,0,255,16,255,47,95,
0.942,255,0,0,20,255,32,94,
0.942,255,0,255,24,238,47,96,
0.942,255,0,0,28,254,33,95,
0.942,0,0,0,16,31,32,95,
0.942,255,0,0,20,254,33,96,
1.041,255,1,0,16,176,34,95,
1.041,255,0,255,20,239,47,96,
1.041,0,0,0,24,15,32,95,
1.041,255,1,255,28,178,47,96,
1.041,0,1,0,16,1,33,96,
1.041,255,1,0,20,241,33,95,
1.041,255,1,0,24,226,33,95,
1.041,255,0,255,28,238,47,95,
1.041,255,1,255,16,209,47,95,
1.041,0,1,255,20,16,47,95,
1.041,255,1,0,24,193,32,94,
1.041,0,1,255,28,17,47,96,
1.041,0,1,0,16,0,32,94,
1.041,255,1,255,20,241,47,95,
1.041,255,1,255,24,227,46,95,
1.041,255,1,255,28,224,47,95,
1.041,255,1,255,16,224,47,95,
1.041,255,0,255,20,223,47,95,
1.041,255,1,0,24,240,32,96,
1.041,255,1,0,28,224,32,94,
1.041,255,0,0,16,255,32,95,
1.041,255,1,255,20,211,47,95,
1.041,0,1,0,24,1,32,96,
1.041,255,1,255,28,192,47,95,
1.041,255,0,255,16,255,47,95,
1.041,255,1,255,20,242,46,95,
1.041,255,0,255,24,238,47,95,
1.041,255,1,0,28,240,32,95,
1.041,255,1,255,16,226,47,95,
1.041,255,1,0,20,209,33,95,
1.041,255,1,255,24,194,46,95,
1.041,255,1,255,28,240,47,95,
1.041,0,1,0,16,1,32,95,
1.041,0,1,255,20,18,47,95,
1.041,255,1,255,24,242,47,96,
1.041,0,1,0,28,1,33,95,
1.041,255,1,255,16,240,47,95,
1.041,255,0,255,20,239,46,94,
1.041,0,1,0,24,16,32,95,
1.041,0,1,0,28,4,33,95,
1.041,255,0,255,16,239,46,95,
1.041,0,0,255,20,31,47,95,
1.041,255,1,0,24,225,32,94,
1.041,255,1,255,28,176,46,96,
1.041,0,1,0,16,0,32,95,
1.041,0,1,0,20,18,32,96,
1.041,255,1,0,24,241,32,94,
1.041,0,1,0,28,0,32,95,
1.041,0,0,0,16,14,32,94,
1.041,255,1,255,20,241,47,96,
1.141,255,1,255,16,225,47,95,
1.141,0,1,0,20,2,32,95,
1.141,255,1,255,24,244,47,95,
1.141,255,1,0,28,224,32,95,
1.141,255,1,0,16,241,32,95,
1.141,255,1,0,20,242,32,95,
1.141,255,1,0,24,240,33,95,
1.141,0,1,255,28,3,47,94,
1.141,255,1,255,16,194,47,95,
1.141,255,1,255,20,210,46,94,
1.141,255,1,0,24,243,32,96,
1.141,255,1,0,28,241,32,96,
1.141,255,1,0,16,242,33,96,
1.141,0,1,255,20,2,47,95,
1.141,255,1,255,24,211,47,94,
1.141,0,1,255,28,3,47,94,
1.141,255,1,0,16,227,32,96,
1.141,0,1,255,20,17,46,95,
1.141,0,1,255,24,3,47,95,
1.141,255,1,0,28,227,32,95,
1.141,0,1,0,16,17,32,96,
1.141,0,1,255,20,1,47,95,
1.141,255,1,255,24,242,47,95,
1.141,255,1,255,28,211,47,95,
1.141,255,1,0,16,241,32,95,
1.141,0,1,0,20,4,32,95,
1.141,255,1,255,24,243,47,95,
1.141,255,1,0,28,180,32,94,
1.141,255,1,0,16,243,32,95,
1.141,255,1,0,20,211,32,96,
1.141,255,1,255,24,242,47,95,
1.141,0,1,0,28,2,32,95,
1.141,255,1,255,16,229,47,95,
1.141,255,1,255,20,242,47,96,
1.141,255,1,255,24,242,47,95,
1.141,0,1,0,28,19,33,95,
1.141,255,1,255,16,196,47,95,
1.141,255,1,0,20,244,32,95,
1.141,255,1,0,24,246,32,95,
1.141,255,1,0,28,209,32,94,
1.141,0,1,0,16,2,32,95,
1.141,255,1,0,20,241,32,95,
1.141,255,1,255,24,226,47,96,
1.141,255,1,0,28,227,32,95,
1.141,0,1,0,16,1,32,96,
1.141,255,1,0,20,228,33,96,
1.141,0,1,0,24,3,33,96,
1.141,255,1,0,28,244,32,96,
1.141,0,1,0,16,3,33,95,
1.141,0,1,0,20,19,32,95,
1.24,255,1,0,16,228,32,96,
1.24,255,1,0,20,246,32,95,
1.24,255,1,255,24,245,47,96,
1.24,255,1,255,28,213,47,95,
1.24,255,1,255,16,244,46,96,
1.24,0,1,255,20,1,47,94,
1.24,255,1,0,24,212,32,95,
1.24,255,1,0,28,209,32,95,
1.24,255,1,0,16,229,32,95,
1.24,255,1,255,20,244,47,95,
1.24,255,1,255,24,178,47,95,
1.24,255,1,0,28,224,33,95,
1.24,255,1,255,16,245,47,96,
1.24,255,1,255,20,226,46,95,
1.24,0,1,255,24,19,47,95,
1.24,0,1,255,28,5,47,95,
1.24,255,1,255,16,228,47,94,
1.24,255,1,255,20,244,47,95,
1.24,255,1,255,24,229,46,95,
1.24,255,1,255,28,227,47,96,
1.24,255,1,0,16,243,32,95,
1.24,255,1,0,20,245,32,96,
1.24,255,1,0,24,244,33,96,
1.24,255,1,0,28,246,32,95,
1.24,255,1,255,16,243,47,95,
1.24,255,1,255,20,197,47,95,
1.24,255,1,0,24,228,33,96,
1.24,0,1,0,28,4,32,96,
1.24,255,1,255,16,228,47,94,
1.24,255,1,0,20,211,33,96,
1.24,255,1,0,24,227,32,95,
1.24,255,1,0,28,245,32,96,
1.24,255,1,255,16,213,47,95,
1.24,255,1,0,20,242,34,94,
1.24,255,0,0,24,255,32,95,
1.24,0,1,255,28,21,47,94,
1.24,0,1,0,16,3,33,95,
1.24,255,1,0,20,213,32,95,
1.24,255,1,255,24,244,47,96,
1.24,0,1,255,28,5,47,95,
1.24,255,1,255,16,225,47,96,
1.24,255,1,255,20,195,47,95,
1.24,0,1,0,24,19,33,94,
1.24,255,1,255,28,241,46,95,
1.24,255,1,255,16,213,47,95,
1.24,0,1,255,20,19,47,95,
1.24,255,1,0,24,213,33,96,
1.24,255,1,0,28,230,32,96,
1.24,255,1,0,16,244,32,95,
1.24,0,1,0,20,3,32,96,
1.339,255,1,255,16,247,46,96,
1.339,255,1,255,20,229,46,95,
1.339,0,1,0,24,4,32,95,
1.339,255,1,255,28,213,47,95,
1.339,255,1,0,16,230,32,95,
1.339,255,1,255,20,231,47,96,
1.339,255,1,0,24,214,32,95,
1.339,0,1,0,28,3,32,94,
1.339,255,1,0,16,148,33,96,
1.339,255,1,0,20,182,32,95,
1.339,255,1,255,24,213,47,94,
1.339,255,1,255,28,230,47,95,
1.339,0,1,0,16,23,32,96,
1.339,255,1,0,20,217,33,95,
1.339,255,1,255,24,248,46,95,
1.339,255,1,255,28,230,47,96,
1.339,255,1,0,16,230,32,95,
1.339,0,1,255,20,3,47,95,
1.339,255,1,0,24,246,32,96,
1.339,255,1,255,28,229,46,96,
1.339,255,1,255,16,244,47,95,
1.339,255,1,255,20,227,47,95,
1.339,0,1,0,24,5,32,96,
1.339,255,1,0,28,226,32,95,
1.339,255,1,0,16,247,32,95,
1.339,255,1,0,20,245,32,95,
1.339,255,1,0,24,228,33,95,
1.339,255,1,255,28,213,47,96,
1.339,255,1,255,16,214,47,96,
1.339,0,1,255,20,3,47,95,
1.339,255,1,255,24,248,47,95,
1.339,255,1,0,28,230,32,95,
1.339,255,1,255,16,213,47,94,
1.339,255,1,255,20,244,47,94,
1.339,0,1,255,24,21,47,95,
1.339,255,1,255,28,229,47,95,
1.339,255,1,255,16,215,47,95,
1.339,255,1,0,20,245,32,94,
1.339,0,1,0,24,6,32,95,
1.339,0,1,0,28,7,33,95,
1.339,0,1,255,16,4,47,95,
1.339,255,1,255,20,228,45,95,
1.339,0,1,0,24,5,32,94,
1.339,255,1,255,28,244,47,95,
1.339,255,1,255,16,232,47,96,
1.339,255,1,0,20,228,32,95,
1.339,0,1,255,24,24,46,96,
1.339,255,1,0,28,213,32,95,
1.339,255,1,0,16,216,32,95,
1.339,0,1,0,20,21,32,95,
1.439,255,1,255,16,246,47,95,
1.439,255,1,0,20,216,32,95,
1.439,0,1,255,24,8,47,95,
1.439,0,1,0,28,8,32,96,
1.439,255,1,0,16,232,33,95,
1.439,255,1,0,20,250,32,95,
1.439,255,1,0,24,201,32,95,
1.439,255,1,255,28,227,47,95,
1.439,255,1,0,16,216,32,95,
1.439,255,1,255,20,199,47,94,
1.439,255,1,0,24,184,33,95,
1.439,255,1,0,28,211,32,95,
1.439,0,1,0,16,6,32,95,
1.439,255,1,0,20,231,33,95,
1.439,255,1,0,24,233,32,95,
1.439,255,1,0,28,247,32,94,
1.439,255,1,0,16,232,32,95,
1.439,255,1,0,20,232,32,95,
1.439,0,1,0,24,20,32,95,
1.439,255,1,255,28,233,47,95,
1.439,0,1,0,16,4,32,95,
1.439,255,1,255,20,248,47,96,
1.439,0,1,0,24,24,33,96,
1.439,255,1,0,28,229,32,95,
1.439,255,1,255,16,201,47,95,
1.439,255,1,255,20,247,47,95,
1.439,255,1,0,24,232,32,96,
1.439,255,1,255,28,232,47,94,
1.439,255,1,0,16,248,33,95,
1.439,255,1,0,20,216,32,95,
1.439,255,1,255,24,215,47,95,
1.439,255,1,255,28,247,47,95,
1.439,255,1,255,16,218,47,95,
1.439,0,1,255,20,23,47,95,
1.439,255,1,0,24,230,32,95,
1.439,255,1,255,28,231,47,95,
1.439,255,1,0,16,231,32,95,
1.439,255,1,0,20,248,32,94,
1.439,255,1,0,24,201,32,95,
1.439,0,1,0,28,6,33,95,
1.439,0,1,255,16,37,47,96,
1.439,255,1,255,20,247,47,95,
1.439,0,1,255,24,22,47,95,
1.439,255,1,255,28,231,47,96,
1.439,0,1,0,16,21,32,95,
1.439,255,1,255,20,199,47,95,
1.439,255,1,0,24,201,32,95,
1.439,255,1,0,28,231,32,95,
1.439,0,1,255,16,7,47,95,
1.439,255,1,255,20,246,47,96,
1.538,255,1,0,16,232,32,95,
1.538,255,1,0,20,248,32,96,
1.538,255,1,255,24,231,47,95,
1.538,255,1,255,28,234,47,95,
1.538,255,1,0,16,249,32,95,
1.538,0,1,255,20,11,47,95,
1.538,255,1,255,24,235,47,95,
1.538,255,1,255,28,231,47,95,
1.538,255,1,0,16,248,33,94,
1.538,255,1,255,20,250,47,95,
1.538,0,1,255,24,10,46,95,
1.538,255,1,0,28,249,32,96,
1.538,255,1,255,16,231,47,96,
1.538,0,1,0,20,7,32,95,
1.538,255,1,0,24,216,33,95,
1.538,255,1,0,28,236,32,94,
1.538,255,1,255,16,249,46,95,
1.538,0,1,255,20,23,47,95,
1.538,255,1,255,24,249,47,95,
1.538,255,1,255,28,248,46,95,
1.538,255,1,0,16,216,32,95,
1.538,255,1,0,20,231,32,95,
1.538,255,1,0,24,251,32,96,
1.538,0,1,0,28,9,32,96,
1.538,255,1,0,16,218,33,95,
1.538,255,1,255,20,231,47,96,
1.538,0,1,255,24,11,47,95,
1.538,255,1,0,28,232,33,95,
1.538,0,1,255,16,11,47,96,
1.538,255,1,255,20,233,47,95,
1.538,255,1,255,24,237,47,95,
1.538,255,1,0,28,230,32,96,
1.538,255,1,255,16,168,47,96,
1.538,255,1,0,20,202,32,94,
1.538,255,1,255,24,251,47,95,
1.538,255,1,0,28,233,32,96,
1.538,255,1,0,16,248,32,95,
1.538,255,1,0,20,215,32,96,
1.538,255,1,255,24,200,47,96,
1.538,255,1,0,28,247,32,95,
1.538,255,1,0,16,247,32,95,
1.538,0,1,255,20,26,47,95,
1.538,255,1,255,24,231,47,95,
1.538,255,1,0,28,217,32,95,
1.538,255,1,0,16,218,32,95,
1.538,255,1,255,20,249,46,96,
1.538,255,1,0,24,230,33,94,
1.538,255,1,0,28,234,32,95,
1.538,255,1,255,16,201,47,95,
1.538,255,1,0,20,249,32,95,
1.637,255,1,255,16,251,47,94,
1.637,255,1,255,20,234,47,95,
1.637,255,1,255,24,233,46,95,
1.637,255,1,0,28,239,32,96,
1.637,255,1,255,16,236,47,95,
1.637,255,1,0,20,218,32,95,
1.637,255,1,0,24,250,32,95,
1.637,255,1,0,28,251,32,95,
1.637,255,1,255,16,220,47,96,
1.637,255,1,0,20,218,33,95,
1.637,255,1,0,24,232,32,95,
1.637,255,1,255,28,235,47,96,
1.637,255,1,255,16,250,47,96,
1.637,255,1,255,20,233,46,96,
1.637,255,1,0,24,236,32,96,
1.637,0,1,0,28,26,32,95,
1.637,255,1,255,16,168,46,95,
1.637,255,1,255,20,252,47,96,
1.637,255,1,255,24,233,47,95,
1.637,255,1,0,28,234,32,95,
1.637,255,1,255,16,252,47,96,
1.637,255,1,255,20,203,47,95,
1.637,255,1,0,24,205,32,95,
1.637,255,1,255,28,235,47,96,
1.637,255,1,255,16,249,47,96,
1.637,255,1,255,20,233,47,96,
1.637,255,1,255,24,221,47,96,
1.637,255,1,255,28,235,47,95,
1.637,255,1,255,16,234,47,95,
1.637,255,1,0,20,248,32,96,
1.637,255,1,255,24,219,47,95,
1.637,255,1,0,28,237,33,96,
1.637,255,1,0,16,220,32,95,
1.637,255,1,255,20,233,46,96,
1.637,255,1,255,24,219,46,96,
1.637,255,1,0,28,249,32,96,
1.637,255,1,255,16,220,47,95,
1.637,255,1,255,20,202,47,95,
1.637,255,1,255,24,218,47,95,
1.637,255,1,255,28,250,47,95,
1.637,0,1,255,16,9,47,96,
1.637,0,1,255,20,11,47,95,
1.637,255,1,255,24,202,47,96,
1.637,255,1,255,28,233,47,95,
1.637,255,1,255,16,232,47,96,
1.637,255,1,0,20,217,32,96,
1.637,255,1,0,24,218,32,95,
1.637,255,1,255,28,250,47,96,
1.637,255,1,0,16,203,32,95,
1.637,255,1,255,20,218,46,96,
1.736,255,1,255,16,237,47,95,
1.736,255,1,255,20,252,47,96,
1.736,255,1,255,24,253,47,95,
1.736,255,1,0,28,251,32,95,
1.736,0,1,255,16,8,47,95,
1.736,255,1,255,20,220,47,95,
1.736,255,1,0,24,252,32,96,
1.736,255,1,255,28,221,47,96,
1.736,255,1,255,16,234,47,95,
1.736,255,1,0,20,221,32,95,
1.736,255,1,255,24,219,47,94,
1.736,255,1,0,28,220,32,94,
1.736,255,1,0,16,252,32,95,
1.736,255,1,0,20,205,33,95,
1.736,255,1,0,24,222,32,95,
1.736,255,1,255,28,237,47,95,
1.736,255,1,255,16,236,46,95,
1.736,255,1,255,20,237,47,95,
1.736,255,1,0,24,251,32,95,
1.736,255,1,0,28,236,33,94,
1.736,255,1,0,16,236,32,94,
1.736,255,1,0,20,252,32,96,
1.736,255,1,255,24,220,47,95,
1.736,255,1,255,28,222,47,94,
1.736,255,1,255,16,236,47,95,
1.736,255,1,255,20,251,45,96,
1.736,255,1,0,24,235,32,95,
1.736,255,1,255,28,236,47,95,
1.736,255,1,255,16,220,47,95,
1.736,255,1,0,20,218,33,96,
1.736,255,1,0,24,250,32,96,
1.736,255,1,255,28,237,46,95,
1.736,255,1,0,16,221,32,95,
1.736,255,1,255,20,221,46,96,
1.736,255,1,0,24,252,33,96,
1.736,255,1,255,28,236,47,95,
1.736,0,1,0,16,9,32,95,
1.736,255,1,255,20,237,47,95,
1.736,255,1,255,24,237,47,96,
1.736,255,1,255,28,251,47,95,
1.736,255,1,255,16,205,47,95,
1.736,255,1,255,20,217,47,95,
1.736,255,1,0,24,252,32,95,
1.736,255,1,255,28,252,47,96,
1.736,255,1,255,16,237,47,96,
1.736,255,1,255,20,237,47,95,
1.736,255,1,0,24,217,32,96,
1.736,255,1,0,28,236,32,95,
1.736,255,1,255,16,171,47,95,
1.736,0,1,0,20,10,32,94,
1.836,255,1,255,16,223,47,95,
1.836,255,1,255,20,252,46,96,
1.836,255,1,255,24,239,46,95,
1.836,255,1,255,28,253,47,95,
1.836,255,1,255,16,206,47,95,
1.836,255,1,0,20,221,32,95,
1.836,255,1,255,24,222,47,95,
1.836,255,1,0,28,254,32,95,
1.836,0,1,0,16,13,32,95,
1.836,255,1,0,20,237,32,94,
1.836,255,1,0,24,206,32,95,
1.836,255,2,0,28,224,32,95,
1.836,0,1,255,16,14,46,95,
1.836,255,1,0,20,238,32,95,
1.836,255,1,255,24,236,47,95,
1.836,255,1,255,28,238,47,94,
1.836,255,1,255,16,253,47,95,
1.836,255,1,0,20,252,32,95,
1.836,255,1,255,24,238,47,96,
1.836,255,1,255,28,207,46,95,
1.836,255,1,0,16,239,32,95,
1.836,255,1,0,20,222,32,94,
1.836,255,1,255,24,238,47,95,
1.836,0,1,255,28,12,47,95,
1.836,255,1,255,16,221,47,95,
1.836,255,1,255,20,221,47,95,
1.836,0,1,255,24,14,47,95,
1.836,255,2,0,28,176,32,96,
1.836,255,1,0,16,254,33,95,
1.836,255,1,255,20,254,47,95,
1.836,255,1,255,24,219,47,95,
1.836,255,1,0,28,239,32,95,
1.836,255,1,255,16,235,46,96,
1.836,255,1,0,20,236,32,95,
1.836,255,1,0,24,238,32,96,
1.836,255,1,255,28,235,47,95,
1.836,0,1,255,16,13,47,95,
1.836,255,1,255,20,251,47,95,
1.836,255,1,255,24,251,47,95,
1.836,255,1,0,28,254,32,95,
1.836,255,1,255,16,253,46,95,
1.836,255,1,255,20,222,47,95,
1.836,255,1,0,24,239,32,94,
1.836,255,1,255,28,205,47,95,
1.836,255,1,0,16,220,32,95,
1.836,255,1,0,20,206,32,95,
1.836,255,1,0,24,238,33,95,
1.836,255,1,255,28,253,47,95,
1.836,255,1,0,16,222,32,96,
1.836,255,1,255,20,252,47,96,
1.935,255,1,0,16,237,32,95,
1.935,255,1,0,20,253,33,95,
1.935,0,2,255,24,0,46,94,
1.935,255,2,255,28,225,47,95,
1.935,255,1,0,16,239,32,95,
1.935,255,1,255,20,205,46,95,
1.935,255,1,255,24,191,47,95,
1.935,255,1,255,28,255,47,94,
1.935,255,1,255,16,255,47,95,
1.935,255,1,0,20,206,32,96,
1.935,255,2,0,24,224,32,95,
1.935,0,2,0,28,0,32,96,
1.935,255,1,255,16,205,47,95,
1.935,255,1,255,20,238,46,95,
1.935,0,2,255,24,0,47,95,
1.935,0,2,0,28,0,32,95,
1.935,255,2,0,16,208,32,94,
1.935,0,1,0,20,30,32,96,
1.935,255,1,255,24,223,47,95,
1.935,255,1,0,28,237,32,94,
1.935,255,1,0,16,238,33,95,
1.935,255,2,255,20,209,46,96,
1.935,255,2,255,24,193,47,95,
1.935,255,2,255,28,208,47,95,
1.935,255,1,255,16,254,46,96,
1.935,255,2,255,20,224,47,95,
1.935,255,1,0,24,238,32,95,
1.935,255,2,0,28,224,32,96,
1.935,255,1,0,16,191,32,95,
1.935,255,2,0,20,208,32,94,
1.935,255,1,255,24,255,47,94,
1.935,0,2,0,28,17,32,95,
1.935,255,2,0,16,208,32,95,
1.935,255,2,0,20,224,32,95,
1.935,255,1,255,24,239,46,95,
1.935,255,1,0,28,223,32,96,
1.935,255,2,255,16,192,47,95,
1.935,255,1,0,20,223,33,95,
1.935,255,1,0,24,238,32,95,
1.935,255,1,255,28,223,47,96,
1.935,255,1,0,16,238,32,96,
1.935,255,1,255,20,206,47,95,
1.935,255,2,255,24,193,47,95,
1.935,255,1,255,28,221,47,95,
1.935,255,1,255,16,239,47,94,
1.935,0,1,255,20,30,47,95,
1.935,255,2,255,24,208,47,95,
1.935,255,2,0,28,208,32,96,
1.935,255,2,255,16,240,46,95,
1.935,255,1,0,20,207,32,96,
2.034,255,2,255,16,193,47,96,
2.034,255,2,255,20,208,47,96,
2.034,0,2,0,24,16,33,95,
2.034,0,2,255,28,34,47,95,
2.034,255,2,255,16,224,47,96,
2.034,255,2,0,20,192,32,95,
2.034,255,2,0,24,210,32,95,
2.034,255,1,0,28,239,32,94,
2.034,255,2,0,16,194,32,94,
2.034,255,1,0,20,254,32,95,
2.034,255,2,255,24,241,47,95,
2.034,255,2,0,28,193,32,95,
2.034,255,2,0,16,194,32,95,
2.034,255,2,255,20,210,47,95,
2.034,255,1,255,24,223,46,95,
2.034,255,1,255,28,239,46,95,
2.034,255,2,0,16,176,32,95,
2.034,255,2,255,20,227,47,95,
2.034,255,2,0,24,160,32,95,
2.034,255,2,255,28,209,45,95,
2.034,0,2,255,16,0,47,95,
2.034,0,2,255,20,33,47,95,
2.034,0,2,255,24,0,47,96,
2.034,255,1,0,28,238,32,94,
2.034,255,2,0,16,242,32,95,
2.034,255,2,255,20,241,47,95,
2.034,255,2,255,24,224,47,95,
2.034,255,2,255,28,209,46,95,
2.034,255,2,0,16,208,32,95,
2.034,255,2,255,20,192,47,95,
2.034,255,1,255,24,254,47,96,
2.034,255,2,0,28,209,32,95,
2.034,255,2,0,16,193,32,95,
2.034,255,2,0,20,161,33,95,
2.034,255,2,0,24,209,32,95,
2.034,255,2,0,28,210,33,95,
2.034,255,1,255,16,239,47,95,
2.034,0,2,255,20,1,47,95,
2.034,255,1,255,24,239,47,96,
2.034,255,2,255,28,242,47,95,
2.034,255,2,0,16,224,32,94,
2.034,255,2,255,20,194,47,95,
2.034,255,2,0,24,241,33,95,
2.034,255,2,0,28,226,32,95,
2.034,255,2,255,16,208,47,95,
2.034,255,2,255,20,193,47,95,
2.034,255,2,255,24,192,47,95,
2.034,255,1,255,28,255,47,95,
2.034,255,2,255,16,226,47,95,
2.034,255,1,0,20,191,32,96,
2.133,0,2,0,16,1,32,95,
2.133,255,2,0,20,209,32,96,
2.133,255,2,255,24,241,47,95,
2.133,255,2,255,28,226,47,96,
2.133,255,2,0,16,179,32,95,
2.133,255,2,0,20,195,33,95,
2.133,255,2,255,24,196,47,95,
2.133,255,2,255,28,226,47,95,
2.133,255,2,255,16,226,47,95,
2.133,255,2,255,20,195,47,95,
2.133,255,2,0,24,211,32,95,
2.133,255,2,255,28,178,46,95,
2.133,255,2,255,16,241,47,95,
2.133,255,2,255,20,209,47,95,
2.133,255,2,255,24,243,46,94,
2.133,255,2,255,28,195,47,95,
2.133,255,2,0,16,226,32,95,
2.133,255,2,255,20,210,47,96,
2.133,255,2,255,24,225,47,95,
2.133,255,2,0,28,192,32,95,
2.133,0,2,0,16,18,33,95,
2.133,255,2,255,20,179,47,96,
2.133,255,1,255,24,239,47,95,
2.133,0,2,255,28,1,46,94,
2.133,255,2,255,16,227,47,96,
2.133,255,2,0,20,209,32,95,
2.133,255,2,0,24,178,32,96,
2.133,255,2,255,28,225,47,95,
2.133,255,1,0,16,223,32,95,
2.133,255,2,0,20,243,33,95,
2.133,255,2,255,24,211,47,96,
2.133,255,2,0,28,210,32,95,
2.133,255,2,0,16,211,32,95,
2.133,255,2,255,20,226,47,95,
2.133,255,2,255,24,195,47,95,
2.133,255,2,255,28,210,46,95,
2.133,255,2,255,16,209,47,94,
2.133,255,2,0,20,226,32,95,
2.133,255,2,255,24,210,45,96,
2.133,255,2,255,28,228,47,94,
2.133,255,2,255,16,244,47,95,
2.133,255,2,255,20,228,47,96,
2.133,255,2,255,24,194,47,96,
2.133,255,2,255,28,226,47,95,
2.133,255,2,255,16,226,47,95,
2.133,255,2,255,20,241,47,95,
2.133,255,2,255,24,209,46,96,
2.133,255,2,255,28,161,47,95,
2.133,255,2,0,16,160,32,96,
2.133,255,2,255,20,243,47,95,
2.231,255,2,0,16,212,32,97,
2.231,255,2,255,20,197,47,95,
2.231,255,2,255,24,227,47,96,
2.231,255,1,255,28,254,47,95,
2.231,255,2,255,16,245,47,96,
2.231,255,2,0,20,244,32,96,
2.231,255,2,0,24,243,32,95,
2.231,255,2,255,28,244,47,95,
2.231,255,2,255,16,208,47,95,
2.231,255,2,255,20,212,47,96,
2.231,255,2,0,24,227,33,96,
2.231,255,2,0,28,244,32,96,
2.231,255,2,0,16,228,32,96,
2.231,255,2,255,20,244,47,96,
2.231,255,2,255,24,179,45,97,
2.231,255,2,255,28,212,46,96,
2.231,255,2,0,16,210,32,96,
2.231,255,2,255,20,226,47,96,
2.231,255,2,0,24,244,32,96,
2.231,255,2,255,28,195,47,96,
2.231,255,2,255,16,240,47,96,
2.231,255,2,255,20,210,47,97,
2.231,255,2,255,24,213,47,96,
2.231,255,2,0,28,229,32,96,
2.231,255,2,255,16,227,47,95,
2.231,255,2,255,20,226,47,96,
2.231,0,2,0,24,4,32,96,
2.231,255,2,255,28,242,47,96,
2.231,255,2,0,16,243,32,95,
2.231,255,2,255,20,243,47,96,
2.231,255,2,255,24,212,47,96,
2.231,255,2,0,28,212,32,96,
2.231,255,2,0,16,210,32,96,
2.231,255,2,255,20,195,47,96,
2.231,255,2,0,24,241,32,95,
2.231,255,2,255,28,225,47,96,
2.231,255,2,255,16,226,47,96,
2.231,255,2,0,20,227,32,95,
2.231,255,2,0,24,227,32,96,
2.231,255,2,255,28,226,47,96,
2.231,255,2,255,16,226,47,95,
2.231,255,2,255,20,229,46,96,
2.231,255,2,255,24,226,47,96,
2.231,255,2,0,28,229,32,96,
2.231,255,2,255,16,195,47,96,
2.231,255,2,255,20,226,45,96,
2.231,0,2,255,24,2,46,95,
2.231,255,2,255,28,211,46,96,
2.231,255,2,0,16,211,32,95,
2.231,255,2,255,20,213,47,96,
2.332,255,2,0,16,213,32,94,
2.332,255,2,255,20,212,47,96,
2.332,255,2,255,24,244,46,96,
2.332,255,2,255,28,214,47,95,
2.332,255,2,255,16,215,46,95,
2.332,255,2,255,20,215,45,96,
2.332,255,2,255,24,246,47,94,
2.332,255,2,255,28,214,47,96,
2.332,255,2,0,16,183,32,95,
2.332,255,2,255,20,230,47,95,
2.332,255,2,255,24,198,47,95,
2.332,255,2,0,28,212,32,96,
2.332,255,2,255,16,213,47,95,
2.332,255,2,255,20,217,47,95,
2.332,0,2,255,24,22,47,96,
2.332,255,2,255,28,244,46,96,
2.332,255,2,255,16,181,47,95,
2.332,255,2,0,20,214,32,95,
2.332,255,2,255,24,195,46,95,
2.332,255,2,0,28,179,32,96,
2.332,255,2,255,16,231,47,95,
2.332,255,2,255,20,230,46,96,
2.332,255,2,255,24,213,47,95,
2.332,255,2,0,28,230,32,95,
2.332,255,2,0,16,197,32,95,
2.332,255,2,255,20,213,47,96,
2.332,255,2,255,24,181,47,95,
2.332,255,2,0,28,198,32,96,
2.332,255,2,255,16,197,47,95,
2.332,255,2,255,20,215,47,95,
2.332,255,2,255,24,243,47,96,
2.332,255,2,0,28,231,32,95,
2.332,255,2,0,16,216,32,95,
2.332,255,2,255,20,230,47,95,
2.332,255,2,255,24,182,47,94,
2.332,255,2,255,28,228,46,95,
2.332,255,2,0,16,246,32,95,
2.332,255,2,255,20,198,47,95,
2.332,255,2,0,24,198,32,94,
2.332,255,2,255,28,197,47,96,
2.332,255,2,255,16,247,47,95,
2.332,255,2,0,20,211,32,95,
2.332,255,2,255,24,229,47,94,
2.332,255,2,255,28,180,47,95,
2.332,255,2,0,16,230,32,95,
2.332,255,2,255,20,216,46,96,
2.332,0,2,255,24,5,47,96,
2.332,255,2,255,28,246,46,96,
2.332,255,2,0,16,229,32,95,
2.332,255,2,255,20,229,47,95,
2.431,255,2,255,16,213,47,96,
2.431,255,2,255,20,168,46,95,
2.431,255,2,0,24,245,32,95,
2.431,255,2,255,28,249,46,96,
2.431,255,2,255,16,230,47,94,
2.431,255,2,0,20,233,32,95,
2.431,255,2,0,24,201,32,96,
2.431,255,2,255,28,198,47,95,
2.431,255,2,255,16,243,47,95,
2.431,255,2,0,20,216,32,96,
2.431,0,2,0,24,7,33,96,
2.431,0,2,255,28,8,47,95,
2.431,0,2,0,16,6,32,95,
2.431,255,2,0,20,215,32,95,
2.431,255,2,255,24,214,46,95,
2.431,255,2,0,28,183,32,95,
2.431,255,2,255,16,215,45,96,
2.431,255,2,0,20,215,32,95,
2.431,255,2,0,24,215,33,96,
2.431,255,2,0,28,198,32,95,
2.431,255,2,255,16,184,47,96,
2.431,255,2,255,20,230,47,97,
2.431,255,2,255,24,198,46,96,
2.431,255,2,255,28,200,46,96,
2.431,255,2,255,16,216,47,94,
2.431,255,2,0,20,200,32,95,
2.431,255,2,255,24,184,47,95,
2.431,255,2,255,28,197,47,95,
2.431,255,2,255,16,214,47,96,
2.431,255,2,255,20,247,47,96,
2.431,255,2,255,24,183,47,95,
2.431,255,2,0,28,229,32,95,
2.431,255,2,0,16,214,32,95,
2.431,255,2,0,20,230,32,95,
2.431,255,2,0,24,214,32,96,
2.431,255,2,255,28,232,47,95,
2.431,255,2,255,16,216,47,96,
2.431,255,2,255,20,218,47,95,
2.431,255,2,255,24,200,47,96,
2.431,255,2,255,28,200,47,95,
2.431,255,2,0,16,197,32,95,
2.431,255,2,255,20,215,47,96,
2.431,255,2,0,24,232,32,95,
2.431,255,2,255,28,214,47,95,
2.431,255,2,255,16,247,47,96,
2.431,255,2,0,20,215,32,95,
2.431,0,2,255,24,8,47,95,
2.431,255,2,0,28,231,32,95,
2.431,255,2,255,16,200,47,96,
2.431,255,2,0,20,232,32,95,
2.53,255,2,255,16,216,47,95,
2.53,255,2,255,20,232,46,95,
2.53,255,2,255,24,201,47,96,
2.53,255,2,255,28,202,47,95,
2.53,255,2,255,16,233,47,95,
2.53,255,2,0,20,249,32,96,
2.53,255,2,0,24,214,32,95,
2.53,255,2,255,28,185,47,95,
2.53,255,2,255,16,218,47,95,
2.53,255,2,255,20,167,46,95,
2.53,255,2,255,24,201,46,95,
2.53,255,2,255,28,186,47,95,
2.53,255,2,255,16,232,47,96,
2.53,255,2,0,20,248,32,94,
2.53,255,2,255,24,217,47,94,
2.53,255,2,255,28,201,47,96,
2.53,255,2,0,16,233,32,95,
2.53,255,2,255,20,232,47,96,
2.53,255,2,255,24,232,47,95,
2.53,255,2,0,28,200,32,95,
2.53,255,2,0,16,215,32,96,
2.53,255,2,255,20,170,46,95,
2.53,255,2,255,24,182,47,94,
2.53,255,2,255,28,200,46,95,
2.53,255,2,0,16,200,32,95,
2.53,255,2,255,20,201,47,95,
2.53,255,2,255,24,232,47,95,
2.53,255,2,0,28,201,32,95,
2.53,255,2,255,16,232,47,95,
2.53,255,2,255,20,217,47,96,
2.53,255,2,255,24,231,46,95,
2.53,255,2,255,28,217,47,95,
2.53,255,2,255,16,216,47,95,
2.53,255,2,255,20,215,47,96,
2.53,255,2,255,24,232,47,95,
2.53,0,2,255,28,10,45,94,
2.53,255,2,255,16,216,47,95,
2.53,255,2,255,20,200,47,96,
2.53,255,2,0,24,216,32,95,
2.53,255,2,255,28,186,47,95,
2.53,255,2,255,16,198,46,95,
2.53,255,2,255,20,217,46,95,
2.53,255,2,0,24,231,33,97,
2.53,255,2,255,28,231,47,96,
2.53,255,2,255,16,201,46,96,
2.53,255,2,0,20,200,32,95,
2.53,255,2,0,24,232,32,95,
2.53,255,2,255,28,200,47,94,
2.53,255,2,255,16,247,47,95,
2.53,255,2,255,20,216,47,94,
2.63,255,2,255,16,204,47,95,
2.63,255,2,255,20,249,47,95,
2.63,255,2,255,24,187,47,94,
2.63,255,2,255,28,234,46,96,
2.63,255,2,255,16,249,47,95,
2.63,255,2,0,20,233,32,96,
2.63,255,2,255,24,219,47,96,
2.63,255,2,255,28,185,47,95,
2.63,255,2,255,16,236,47,95,
2.63,0,2,255,20,10,46,94,
2.63,255,2,0,24,187,32,95,
2.63,255,2,255,28,235,47,96,
2.63,255,2,255,16,185,47,96,
2.63,255,2,255,20,203,47,95,
2.63,255,2,255,24,201,47,95,
2.63,255,2,255,28,154,46,95,
2.63,255,2,255,16,236,47,95,
2.63,255,2,255,20,217,46,94,
2.63,255,2,0,24,249,32,95,
2.63,255,2,255,28,200,46,96,
2.63,255,2,255,16,218,47,95,
2.63,255,2,255,20,217,46,96,
2.63,255,2,255,24,218,47,95,
2.63,255,2,255,28,184,47,95,
2.63,255,2,255,16,201,47,95,
2.63,255,2,255,20,202,47,96,
2.63,255,2,255,24,250,46,95,
2.63,255,2,0,28,186,32,95,
2.63,255,2,255,16,186,46,95,
2.63,255,2,255,20,217,47,95,
2.63,255,2,255,24,232,47,95,
2.63,255,2,255,28,203,47,95,
2.63,255,2,255,16,185,47,95,
2.63,255,2,0,20,218,32,96,
2.63,255,2,0,24,250,32,95,
2.63,255,2,255,28,201,46,96,
2.63,255,2,255,16,233,46,96,
2.63,255,2,0,20,185,32,95,
2.63,255,2,255,24,234,46,95,
2.63,255,2,255,28,234,47,95,
2.63,255,2,255,16,236,47,95,
2.63,255,2,255,20,185,47,94,
2.63,255,2,0,24,221,32,96,
2.63,255,2,255,28,234,47,95,
2.63,255,2,255,16,235,45,96,
2.63,255,2,255,20,201,47,96,
2.63,255,2,255,24,248,46,96,
2.63,255,2,255,28,201,46,94,
2.63,255,2,255,16,235,47,96,
2.63,255,2,255,20,234,47,96,
2.729,255,2,255,16,172,47,95,
2.729,255,2,0,20,219,32,95,
2.729,255,2,255,24,220,47,95,
2.729,255,2,255,28,202,47,95,
2.729,255,2,255,16,203,46,95,
2.729,255,2,255,20,206,46,95,
2.729,255,2,255,24,251,47,95,
2.729,255,2,255,28,219,47,95,
2.729,255,2,255,16,219,47,95,
2.729,255,2,255,20,204,47,95,
2.729,255,2,255,24,232,47,95,
2.729,255,2,255,28,219,47,95,
2.729,0,2,0,16,9,32,95,
2.729,255,2,255,20,203,45,96,
2.729,255,2,0,24,204,32,95,
2.729,255,2,255,28,203,46,95,
2.729,255,2,255,16,235,47,94,
2.729,255,2,0,20,220,32,96,
2.729,255,2,255,24,234,47,95,
2.729,255,2,255,28,220,45,94,
2.729,255,2,0,16,220,32,95,
2.729,255,2,255,20,204,47,95,
2.729,255,2,255,24,237,46,95,
2.729,255,2,255,28,202,47,94,
2.729,255,2,255,16,221,47,95,
2.729,255,2,255,20,234,47,95,
2.729,255,2,255,24,205,47,95,
2.729,255,2,0,28,220,32,95,
2.729,255,2,255,16,236,47,95,
2.729,255,2,255,20,221,47,95,
2.729,0,2,255,24,11,46,94,
2.729,255,2,0,28,220,32,96,
2.729,255,2,255,16,235,47,95,
2.729,255,2,255,20,222,47,95,
2.729,255,2,255,24,188,47,95,
2.729,255,2,255,28,187,46,94,
2.729,255,2,0,16,219,32,95,
2.729,255,2,255,20,202,47,96,
2.729,255,2,255,24,201,47,95,
2.729,255,2,0,28,216,32,95,
2.729,255,2,255,16,237,47,95,
2.729,255,2,255,20,187,46,95,
2.729,255,2,255,24,219,47,95,
2.729,255,2,255,28,200,47,95,
2.729,255,2,255,16,248,47,95,
2.729,255,2,255,20,236,47,94,
2.729,255,2,255,24,203,46,96,
2.729,255,2,255,28,203,47,95,
2.729,255,2,255,16,236,47,95,
2.729,255,2,0,20,202,32,95,
2.828,255,2,255,16,191,46,95,
2.828,255,3,0,20,240,32,95,
2.828,255,2,0,24,221,32,96,
2.828,255,2,0,28,222,32,95,
2.828,255,2,255,16,205,46,96,
2.828,255,2,0,20,205,32,95,
2.828,255,2,255,24,237,47,95,
2.828,255,2,255,28,237,47,95,
2.828,255,2,255,16,187,47,95,
2.828,255,2,255,20,220,47,95,
2.828,255,2,255,24,191,47,95,
2.828,255,2,255,28,189,47,95,
2.828,255,2,255,16,190,47,95,
2.828,0,2,255,20,13,47,95,
2.828,255,2,255,24,220,47,95,
2.828,255,2,255,28,206,47,95,
2.828,255,2,255,16,235,47,95,
2.828,255,2,255,20,253,47,96,
2.828,255,2,255,24,188,47,95,
2.828,255,2,255,28,220,47,95,
2.828,255,2,255,16,191,47,95,
2.828,255,2,255,20,205,46,95,
2.828,255,2,255,24,204,45,95,
2.828,255,2,255,28,175,47,95,
2.828,255,2,255,16,190,46,95,
2.828,255,2,255,20,204,47,95,
2.828,255,2,0,24,223,32,96,
2.828,255,2,255,28,222,45,95,
2.828,255,2,255,16,206,47,94,
2.828,255,2,0,20,220,32,95,
2.828,255,2,255,24,236,47,96,
2.828,255,2,0,28,223,32,94,
2.828,255,2,255,16,221,46,95,
2.828,255,2,0,20,187,32,96,
2.828,255,2,255,24,234,47,95,
2.828,255,2,255,28,206,46,95,
2.828,255,2,255,16,222,46,96,
2.828,255,2,255,20,252,46,95,
2.828,255,2,255,24,220,47,95,
2.828,255,2,255,28,172,46,96,
2.828,255,2,255,16,238,47,95,
2.828,255,2,0,20,236,32,96,
2.828,255,2,255,24,238,47,95,
2.828,255,2,255,28,190,47,95,
2.828,255,2,255,16,235,47,95,
2.828,255,2,255,20,204,47,95,
2.828,255,2,255,24,206,46,94,
2.828,255,2,0,28,190,32,95,
2.828,255,2,0,16,221,32,95,
2.828,255,2,255,20,206,45,95,
2.927,255,2,255,16,235,47,95,
2.927,255,2,255,20,206,47,96,
2.927,255,2,255,24,191,47,95,
2.927,255,2,255,28,204,47,96,
2.927,255,2,255,16,207,47,95,
2.927,255,2,255,20,223,47,95,
2.927,255,2,255,24,223,46,95,
2.927,255,3,255,28,192,47,95,
2.927,255,2,0,16,238,32,94,
2.927,255,2,255,20,237,47,95,
2.927,255,2,255,24,239,47,95,
2.927,255,2,255,28,222,47,95,
2.927,255,2,255,16,205,47,96,
2.927,255,2,255,20,191,47,95,
2.927,255,2,0,24,253,32,95,
2.927,255,3,0,28,208,32,96,
2.927,255,2,255,16,223,46,95,
2.927,255,2,255,20,175,47,96,
2.927,255,2,255,24,220,47,96,
2.927,255,2,255,28,254,47,95,
2.927,255,3,255,16,224,47,95,
2.927,255,2,0,20,206,32,95,
2.927,255,2,255,24,189,47,96,
2.927,255,2,255,28,189,47,95,
2.927,255,2,255,16,223,47,96,
2.927,255,2,0,20,205,32,94,
2.927,255,2,255,24,222,46,94,
2.927,255,2,255,28,222,47,95,
2.927,255,2,255,16,206,47,96,
2.927,255,2,255,20,191,47,95,
2.927,255,2,255,24,207,46,97,
2.927,255,3,255,28,224,47,95,
2.927,255,3,255,16,193,47,95,
2.927,255,2,0,20,190,32,94,
2.927,255,2,0,24,221,32,94,
2.927,255,2,255,28,191,47,94,
2.927,255,3,0,16,209,32,95,
2.927,255,3,255,20,208,47,95,
2.927,255,3,255,24,208,47,96,
2.927,255,2,255,28,189,47,95,
2.927,255,3,255,16,225,46,95,
2.927,255,2,255,20,206,47,95,
2.927,255,2,255,24,223,46,95,
2.927,255,2,0,28,189,32,95,
2.927,255,3,255,16,208,46,95,
2.927,255,3,0,20,224,32,95,
2.927,255,2,255,24,189,46,95,
2.927,255,2,255,28,206,46,95,
2.927,255,2,255,16,207,46,95,
2.927,255,2,255,20,223,46,96,
3.026,255,2,0,16,206,32,95,
3.026,255,3,255,20,241,46,96,
3.026,255,3,255,24,208,47,96,
3.026,255,3,255,28,178,47,95,
3.026,255,3,255,16,192,47,94,
3.026,255,3,255,20,194,46,95,
3.026,255,3,255,24,241,47,95,
3.026,255,3,0,28,192,32,96,
3.026,255,3,255,16,194,46,96,
3.026,255,3,255,20,209,47,95,
3.026,255,3,0,24,208,32,94,
3.026,255,3,255,28,209,47,96,
3.026,255,3,255,16,208,47,95,
3.026,0,3,255,20,1,47,95,
3.026,255,3,0,24,209,32,95,
3.026,255,3,255,28,240,47,96,
3.026,255,3,255,16,193,47,96,
3.026,255,3,255,20,192,47,96,
3.026,255,3,255,24,209,47,96,
3.026,255,3,255,28,193,47,95,
3.026,255,2,255,16,159,46,95,
3.026,255,3,255,20,176,47,96,
3.026,255,3,255,24,160,47,95,
3.026,255,3,255,28,209,47,96,
3.026,255,3,255,16,193,47,97,
3.026,255,3,255,20,225,46,95,
3.026,255,3,255,24,192,47,95,
3.026,255,3,255,28,176,47,95,
3.026,255,2,0,16,223,32,95,
3.026,255,3,255,20,144,47,95,
3.026,255,3,255,24,176,47,95,
3.026,255,3,255,28,193,47,95,
3.026,255,3,255,16,192,46,95,
3.026,255,3,255,20,177,47,96,
3.026,255,3,255,24,176,46,95,
3.026,255,2,255,28,191,47,95,
3.026,255,3,255,16,176,46,95,
3.026,255,3,255,20,192,46,96,
3.026,255,3,0,24,225,32,94,
3.026,255,3,255,28,224,46,95,
3.026,255,3,255,16,209,47,95,
3.026,255,2,255,20,207,46,95,
3.026,255,3,0,24,209,33,95,
3.026,255,3,255,28,192,47,95,
3.026,255,3,255,16,161,47,95,
3.026,255,3,255,20,210,46,96,
3.026,255,2,0,24,191,32,95,
3.026,255,2,255,28,191,46,95,
3.026,255,2,255,16,239,47,95,
3.026,255,3,255,20,225,47,95,
3.125,255,3,255,16,227,47,96,
3.125,255,3,255,20,193,47,96,
3.125,255,3,0,24,227,32,95,
3.125,255,3,255,28,194,46,95,
3.125,255,3,255,16,194,45,96,
3.125,255,3,0,20,210,32,95,
3.125,255,3,255,24,225,47,95,
3.125,255,3,255,28,209,46,96,
3.125,255,3,255,16,208,46,95,
3.125,255,3,255,20,241,46,95,
3.125,255,3,0,24,194,32,96,
3.125,255,2,255,28,191,47,95,
3.125,255,3,255,16,180,46,96,
3.125,255,3,255,20,224,46,96,
3.125,255,3,255,24,210,47,95,
3.125,255,3,255,28,193,46,96,
3.125,255,3,255,16,210,47,96,
3.125,255,3,255,20,161,47,95,
3.125,255,3,255,24,195,47,96,
3.125,255,3,255,28,210,47,95,
3.125,255,3,255,16,242,47,95,
3.125,255,3,255,20,192,47,95,
3.125,255,3,255,24,226,46,94,
3.125,255,3,255,28,144,46,95,
3.125,255,3,0,16,197,32,96,
3.125,255,3,255,20,226,47,95,
3.125,255,3,255,24,226,47,95,
3.125,255,3,0,28,178,32,95,
3.125,255,3,255,16,178,45,95,
3.125,255,3,255,20,212,47,95,
3.125,255,3,255,24,180,47,94,
3.125,255,3,0,28,179,32,95,
3.125,255,3,255,16,192,46,95,
3.125,255,3,0,20,178,32,95,
3.125,255,3,255,24,177,46,95,
3.125,255,3,255,28,194,47,95,
3.125,255,3,255,16,196,47,96,
3.125,255,3,255,20,193,46,95,
3.125,255,3,255,24,211,46,94,
3.125,255,3,255,28,226,47,95,
3.125,255,3,255,16,177,47,95,
3.125,255,3,0,20,164,32,94,
3.125,255,3,255,24,211,47,95,
3.125,255,3,255,28,212,47,95,
3.125,255,3,0,16,194,32,94,
3.125,255,3,255,20,211,46,96,
3.125,255,3,255,24,194,46,96,
3.125,255,3,255,28,210,46,95,
3.125,255,3,255,16,164,47,95,
3.125,255,3,0,20,241,32,95,
3.224,255,3,255,16,179,47,96,
3.224,255,3,255,20,146,47,95,
3.224,0,3,0,24,4,32,95,
3.224,255,3,255,28,197,46,95,
3.224,255,3,255,16,195,47,95,
3.224,255,3,255,20,163,46,96,
3.224,255,3,255,24,180,46,95,
3.224,255,3,255,28,214,47,96,
3.224,255,3,255,16,194,47,96,
3.224,255,3,0,20,227,32,95,
3.224,255,3,255,24,165,47,96,
3.224,255,3,255,28,227,46,95,
3.224,255,3,255,16,181,47,95,
3.224,255,3,255,20,227,46,96,
3.224,255,3,255,24,195,47,96,
3.224,255,3,255,28,213,47,96,
3.224,255,3,255,16,194,47,96,
3.224,255,3,255,20,196,47,96,
3.224,255,3,255,24,196,47,95,
3.224,255,3,255,28,163,47,95,
3.224,255,3,255,16,180,47,96,
3.224,0,3,255,20,5,46,94,
3.224,255,3,255,24,211,47,95,
3.224,255,3,255,28,211,46,96,
3.224,255,3,255,16,213,47,95,
3.224,0,3,255,20,21,47,95,
3.224,255,3,255,24,227,47,96,
3.224,255,3,255,28,194,46,95,
3.224,255,3,255,16,227,47,96,
3.224,255,3,255,20,210,45,95,
3.224,255,3,255,24,180,46,95,
3.224,255,3,255,28,180,47,95,
3.224,255,3,255,16,196,47,96,
3.224,255,3,0,20,163,32,96,
3.224,255,3,255,24,179,46,95,
3.224,255,3,255,28,211,47,96,
3.224,255,3,255,16,193,47,95,
3.224,255,3,255,20,195,47,95,
3.224,255,3,255,24,163,46,96,
3.224,255,3,0,28,180,32,95,
3.224,255,3,0,16,210,32,95,
3.224,255,3,255,20,146,47,96,
3.224,255,3,0,24,211,32,95,
3.224,255,3,255,28,193,47,95,
3.224,255,3,0,16,177,32,95,
3.224,255,3,255,20,229,47,94,
3.224,255,3,255,24,212,46,95,
3.224,255,3,255,28,211,45,95,
3.224,255,3,255,16,196,47,95,
3.224,255,3,255,20,213,47,95,
3.323,255,3,255,16,196,46,95,
3.323,255,3,255,20,167,45,96,
3.323,255,3,255,24,198,47,95,
3.323,255,3,255,28,215,47,94,
3.323,255,3,255,16,197,47,95,
3.323,255,3,255,20,197,46,95,
3.323,255,3,0,24,211,32,95,
3.323,255,3,0,28,214,32,96,
3.323,255,3,255,16,197,47,96,
3.323,255,3,255,20,213,46,95,
3.323,255,3,0,24,213,32,95,
3.323,255,3,255,28,244,47,94,
3.323,255,3,255,16,197,47,95,
3.323,255,3,255,20,199,46,94,
3.323,255,3,255,24,228,46,96,
3.323,255,3,0,28,230,32,95,
3.323,255,3,0,16,215,32,96,
3.323,255,3,255,20,229,46,95,
3.323,255,3,255,24,165,46,95,
3.323,255,3,0,28,181,32,95,
3.323,255,3,255,16,197,47,95,
3.323,255,3,255,20,196,46,96,
3.323,255,3,255,24,146,46,95,
3.323,255,3,255,28,199,47,96,
3.323,255,3,255,16,211,46,95,
3.323,255,3,255,20,182,47,94,
3.323,255,3,255,24,177,47,95,
3.323,255,3,255,28,196,47,96,
3.323,255,3,255,16,166,47,97,
3.323,255,3,255,20,197,46,95,
3.323,255,3,255,24,196,47,95,
3.323,255,3,255,28,227,46,95,
3.323,255,3,255,16,231,46,95,
3.323,255,3,255,20,212,46,95,
3.323,255,3,255,24,211,47,96,
3.323,255,3,255,28,212,47,95,
3.323,255,3,255,16,149,46,96,
3.323,255,3,255,20,212,46,96,
3.323,255,3,0,24,213,32,96,
3.323,255,3,255,28,242,47,96,
3.323,255,3,255,16,228,47,96,
3.323,255,3,255,20,212,46,96,
3.323,255,3,255,24,182,46,97,
3.323,255,3,255,28,197,47,95,
3.323,255,3,255,16,198,47,95,
3.323,255,3,255,20,229,46,97,
3.323,255,3,255,24,212,47,95,
3.323,255,3,255,28,246,46,95,
3.323,255,3,255,16,182,47,95,
3.323,255,3,255,20,229,47,95,
3.422,255,3,255,16,197,47,96,
3.422,255,3,255,20,201,47,96,
3.422,255,3,255,24,183,47,95,
3.422,255,3,0,28,184,32,95,
3.422,255,3,0,16,182,32,95,
3.422,255,3,255,20,183,47,97,
3.422,255,3,255,24,215,45,95,
3.422,255,3,255,28,217,46,96,
3.422,255,3,255,16,182,47,97,
3.422,255,3,255,20,200,45,96,
3.422,255,3,255,24,232,47,96,
3.422,255,3,255,28,200,47,96,
3.422,255,3,255,16,198,47,95,
3.422,255,3,255,20,200,47,95,
3.422,255,3,255,24,179,47,95,
3.422,255,3,255,28,182,46,95,
3.422,255,3,0,16,228,32,96,
3.422,255,3,255,20,213,45,96,
3.422,255,3,0,24,167,32,95,
3.422,255,3,255,28,182,47,96,
3.422,255,3,255,16,197,46,95,
3.422,255,3,255,20,200,47,96,
3.422,255,3,255,24,183,47,96,
3.422,255,3,255,28,197,47,97,
3.422,255,3,255,16,183,46,96,
3.422,255,3,255,20,248,45,96,
3.422,255,3,255,24,184,46,96,
3.422,255,3,255,28,198,47,97,
3.422,255,3,255,16,214,47,96,
3.422,255,3,0,20,182,32,96,
3.422,255,3,255,24,230,47,95,
3.422,255,3,255,28,215,47,96,
3.422,255,3,255,16,150,46,95,
3.422,255,3,255,20,184,46,97,
3.422,255,3,255,24,184,47,96,
3.422,255,3,255,28,198,47,95,
3.422,255,3,255,16,214,46,96,
3.422,255,3,255,20,228,46,96,
3.422,255,3,255,24,197,46,95,
3.422,255,3,255,28,197,46,96,
3.422,255,3,255,16,214,47,95,
3.422,255,3,255,20,230,46,96,
3.422,255,3,0,24,214,32,95,
3.422,255,3,255,28,215,47,96,
3.422,255,3,255,16,198,45,95,
3.422,255,3,0,20,215,33,95,
3.422,255,3,255,24,215,46,96,
3.422,255,3,255,28,165,47,96,
3.422,255,3,255,16,183,47,96,
3.422,255,3,255,20,200,47,96,
3.521,255,3,255,16,233,47,96,
3.521,255,3,255,20,185,46,95,
3.521,255,3,255,24,184,47,95,
3.521,255,3,255,28,216,46,95,
3.521,255,3,0,16,168,32,95,
3.521,255,3,255,20,233,47,96,
3.521,255,3,0,24,200,32,95,
3.521,255,3,255,28,186,46,96,
3.521,255,3,255,16,233,47,96,
3.521,255,3,0,20,216,32,95,
3.521,255,3,255,24,201,46,95,
3.521,255,3,255,28,215,47,96,
3.521,255,3,255,16,232,46,96,
3.521,255,3,255,20,216,46,96,
3.521,255,3,0,24,197,32,95,
3.521,255,3,255,28,153,47,95,
3.521,255,3,255,16,231,47,96,
3.521,255,3,255,20,200,47,96,
3.521,255,3,255,24,167,46,96,
3.521,255,3,255,28,198,47,96,
3.521,255,3,255,16,184,47,96,
3.521,255,3,255,20,199,45,96,
3.521,255,3,255,24,233,46,95,
3.521,0,3,255,28,10,45,96,
3.521,255,3,255,16,231,47,95,
3.521,255,3,255,20,218,47,95,
3.521,255,3,255,24,169,47,95,
3.521,255,3,255,28,216,47,96,
3.521,255,3,255,16,216,46,96,
3.521,255,3,0,20,233,32,95,
3.521,255,3,255,24,182,46,96,
3.521,255,3,255,28,168,46,95,
3.521,255,3,255,16,199,47,95,
3.521,255,3,255,20,198,47,96,
3.521,255,3,255,24,186,47,95,
3.521,255,3,255,28,186,46,96,
3.521,255,3,255,16,182,47,97,
3.521,255,3,255,20,184,47,95,
3.521,255,3,255,24,218,46,97,
3.521,255,3,255,28,165,47,95,
3.521,255,3,0,16,218,32,95,
3.521,255,3,255,20,202,46,96,
3.521,255,3,255,24,233,46,96,
3.521,255,3,0,28,204,32,95,
3.521,255,3,255,16,233,47,95,
3.521,255,3,255,20,199,47,96,
3.521,255,3,255,24,214,47,95,
3.521,255,3,255,28,185,46,95,
3.521,255,3,255,16,201,47,95,
3.521,255,3,255,20,168,46,95,
3.62,255,3,255,16,187,46,95,
3.62,255,3,255,20,186,47,96,
3.62,255,3,255,24,217,47,96,
3.62,255,3,255,28,201,47,96,
3.62,255,3,255,16,170,47,96,
3.62,255,3,255,20,215,47,96,
3.62,255,3,255,24,222,47,95,
3.62,255,3,255,28,201,47,95,
3.62,255,3,255,16,218,46,95,
3.62,255,3,255,20,234,46,94,
3.62,255,3,255,24,186,46,96,
3.62,255,3,255,28,185,46,96,
3.62,255,3,255,16,186,47,95,
3.62,255,3,255,20,201,47,95,
3.62,255,3,255,24,201,47,95,
3.62,255,3,255,28,170,47,95,
3.62,255,3,255,16,201,46,96,
3.62,255,3,255,20,249,47,96,
3.62,255,3,255,24,215,46,96,
3.62,255,3,255,28,185,47,95,
3.62,255,3,255,16,219,46,96,
3.62,255,3,255,20,185,47,96,
3.62,255,3,255,24,204,47,95,
3.62,255,3,255,28,203,47,95,
3.62,255,3,0,16,187,32,94,
3.62,255,3,255,20,199,47,96,
3.62,255,3,255,24,201,47,96,
3.62,255,3,255,28,217,47,95,
3.62,255,3,255,16,218,47,96,
3.62,255,3,255,20,216,47,96,
3.62,255,3,255,24,200,46,96,
3.62,255,3,255,28,217,46,96,
3.62,255,3,255,16,247,46,96,
3.62,255,3,255,20,183,47,95,
3.62,255,3,255,24,218,47,95,
3.62,255,3,255,28,187,47,96,
3.62,255,3,255,16,185,46,95,
3.62,255,3,255,20,185,47,96,
3.62,255,3,255,24,202,46,96,
3.62,255,3,255,28,171,46,95,
3.62,255,3,255,16,235,46,95,
3.62,255,3,255,20,203,45,95,
3.62,255,3,255,24,169,47,96,
3.62,255,3,255,28,236,47,96,
3.62,255,3,255,16,201,47,94,
3.62,255,3,255,20,220,46,96,
3.62,255,3,255,24,202,46,95,
3.62,255,3,255,28,198,46,96,
3.62,255,3,255,16,202,45,95,
3.62,255,3,255,20,185,47,96,
3.719,255,3,255,16,234,46,95,
3.719,255,3,255,20,221,47,96,
3.719,255,3,255,24,204,46,95,
3.719,255,3,255,28,187,47,95,
3.719,255,3,255,16,219,47,96,
3.719,255,3,255,20,203,47,96,
3.719,255,3,255,24,203,46,95,
3.719,255,3,255,28,204,47,95,
3.719,255,3,255,16,185,47,97,
3.719,255,3,255,20,219,44,95,
3.719,255,3,255,24,185,47,96,
3.719,255,3,255,28,190,46,95,
3.719,255,3,255,16,187,47,96,
3.719,255,3,255,20,203,47,96,
3.719,255,3,255,24,186,47,95,
3.719,255,3,255,28,171,47,96,
3.719,255,3,255,16,202,46,96,
3.719,255,3,255,20,204,47,95,
3.719,255,3,0,24,172,32,96,
3.719,255,3,255,28,187,47,96,
3.719,0,3,255,16,12,45,95,
3.719,255,3,255,20,187,47,96,
3.719,255,3,0,24,188,32,96,
3.719,255,3,255,28,171,47,95,
3.719,255,3,0,16,204,32,96,
3.719,255,3,255,20,219,47,96,
3.719,255,3,255,24,236,46,95,
3.719,255,3,255,28,188,46,95,
3.719,255,3,0,16,189,32,96,
3.719,255,3,255,20,237,46,95,
3.719,255,3,255,24,203,47,95,
3.719,255,3,255,28,220,47,95,
3.719,255,3,0,16,219,33,95,
3.719,255,3,255,20,204,47,96,
3.719,255,3,255,24,218,46,95,
3.719,255,3,255,28,170,46,96,
3.719,255,3,255,16,249,47,95,
3.719,255,3,255,20,204,47,95,
3.719,255,3,255,24,235,47,96,
3.719,255,3,255,28,203,47,95,
3.719,255,3,255,16,191,45,96,
3.719,255,3,255,20,219,47,96,
3.719,255,3,255,24,202,46,96,
3.719,255,3,255,28,219,46,96,
3.719,255,3,0,16,188,32,95,
3.719,255,3,255,20,204,47,96,
3.719,255,3,255,24,218,47,97,
3.719,255,3,0,28,170,32,96,
3.719,255,3,255,16,187,47,95,
3.719,255,3,255,20,155,47,96,
3.819,0,3,255,16,14,47,95,
3.819,255,3,255,20,221,47,96,
3.819,255,3,255,24,188,46,95,
3.819,255,3,0,28,191,32,94,
3.819,255,3,255,16,221,46,95,
3.819,255,3,255,20,171,46,95,
3.819,255,3,255,24,174,47,95,
3.819,255,3,255,28,206,47,96,
3.819,255,3,0,16,205,32,95,
3.819,255,3,255,20,219,45,95,
3.819,255,3,255,24,205,46,96,
3.819,255,3,255,28,206,47,95,
3.819,255,3,255,16,173,46,96,
3.819,255,3,255,20,237,47,96,
3.819,255,3,255,24,205,46,95,
3.819,255,3,255,28,172,47,95,
3.819,255,3,255,16,206,45,95,
3.819,255,3,255,20,157,47,95,
3.819,255,3,255,24,223,47,96,
3.819,255,3,255,28,156,46,96,
3.819,255,3,255,16,207,47,96,
3.819,255,3,255,20,191,47,96,
3.819,255,3,255,24,220,47,95,
3.819,255,3,255,28,205,47,95,
3.819,255,3,255,16,189,47,95,
3.819,255,3,255,20,218,47,96,
3.819,255,3,255,24,206,46,96,
3.819,255,3,255,28,174,47,96,
3.819,255,3,0,16,190,32,96,
3.819,255,3,255,20,171,47,96,
3.819,255,3,255,24,189,46,96,
3.819,255,3,255,28,158,47,96,
3.819,255,3,255,16,222,47,95,
3.819,255,3,255,20,221,46,95,
3.819,255,3,255,24,174,47,95,
3.819,255,3,255,28,219,46,96,
3.819,255,3,255,16,204,46,96,
3.819,255,3,255,20,189,47,96,
3.819,255,3,255,24,206,47,96,
3.819,255,3,255,28,156,47,96,
3.819,255,3,0,16,187,32,96,
3.819,255,3,255,20,205,47,95,
3.819,255,3,255,24,204,46,96,
3.819,255,3,255,28,173,47,96,
3.819,255,3,255,16,222,47,95,
3.819,255,3,0,20,189,32,96,
3.819,255,3,255,24,223,47,96,
3.819,255,3,255,28,236,46,96,
3.819,255,3,255,16,238,47,95,
3.819,255,3,255,20,202,47,95,
3.917,255,3,255,16,255,46,95,
3.917,255,3,255,20,204,46,95,
3.917,255,4,255,24,176,47,96,
3.917,255,3,255,28,239,46,95,
3.917,255,3,255,16,189,47,95,
3.917,255,3,255,20,174,46,95,
3.917,255,3,255,24,207,47,94,
3.917,255,3,255,28,206,46,96,
3.917,255,3,255,16,190,47,96,
3.917,255,4,255,20,176,46,96,
3.917,255,4,255,24,160,47,96,
3.917,255,3,255,28,190,47,96,
3.917,255,3,255,16,220,47,96,
3.917,255,4,255,20,177,47,96,
3.917,255,3,255,24,175,45,95,
3.917,255,3,255,28,175,47,95,
3.917,255,3,255,16,174,47,96,
3.917,255,3,255,20,141,47,95,
3.917,255,3,255,24,159,46,96,
3.917,255,3,255,28,207,47,96,
3.917,255,4,255,16,176,47,95,
3.917,255,3,255,20,190,46,95,
3.917,255,4,255,24,208,46,96,
3.917,255,3,255,28,222,46,96,
3.917,255,3,255,16,173,47,96,
3.917,255,4,255,20,208,47,96,
3.917,255,3,255,24,190,47,95,
3.917,255,3,255,28,174,46,96,
3.917,255,3,255,16,191,46,96,
3.917,255,3,255,20,223,46,96,
3.917,255,4,255,24,176,47,95,
3.917,255,3,255,28,175,47,95,
3.917,255,3,255,16,253,47,95,
3.917,255,3,255,20,205,47,96,
3.917,255,3,0,24,223,32,95,
3.917,255,3,255,28,189,46,95,
3.917,255,4,255,16,192,45,96,
3.917,255,3,255,20,142,47,96,
3.917,255,4,255,24,208,47,95,
3.917,255,4,255,28,177,47,96,
3.917,255,4,255,16,193,46,96,
3.917,255,3,255,20,174,46,96,
3.917,255,4,255,24,160,47,95,
3.917,255,3,255,28,188,46,95,
3.917,255,3,0,16,188,32,96,
3.917,255,4,255,20,162,47,96,
3.917,255,4,255,24,194,46,96,
3.917,255,4,255,28,195,46,96,
3.917,255,3,255,16,174,47,96,
3.917,255,4,255,20,177,46,96,
4.016,255,4,255,16,176,46,95,
4.016,255,4,255,20,192,47,95,
4.016,255,3,255,24,175,46,96,
4.016,255,4,255,28,192,47,96,
4.016,255,4,0,16,192,32,95,
4.016,255,4,255,20,193,47,96,
4.016,255,3,255,24,175,47,95,
4.016,255,4,255,28,193,46,96,
4.016,255,4,255,16,193,47,96,
4.016,255,3,255,20,190,47,96,
4.016,255,4,255,24,128,47,96,
4.016,255,4,255,28,210,46,95,
4.016,255,3,255,16,190,47,95,
4.016,255,4,255,20,161,47,95,
4.016,255,3,255,24,191,46,96,
4.016,255,3,255,28,174,47,95,
4.016,255,4,255,16,176,47,96,
4.016,255,4,255,20,193,47,96,
4.016,255,4,255,24,242,47,95,
4.016,255,4,0,28,177,32,96,
4.016,255,4,255,16,160,47,96,
4.016,255,4,255,20,128,45,95,
4.016,255,3,255,24,207,46,96,
4.016,255,4,255,28,177,46,96,
4.016,255,4,255,16,128,46,96,
4.016,255,4,255,20,114,46,96,
4.016,255,3,255,24,223,47,96,
4.016,255,4,0,28,144,32,96,
4.016,255,4,255,16,192,47,96,
4.016,255,4,255,20,177,46,95,
4.016,255,3,255,24,205,47,96,
4.016,255,3,255,28,207,45,96,
4.016,255,4,255,16,161,45,96,
4.016,255,4,255,20,160,46,95,
4.016,255,3,255,24,175,47,96,
4.016,255,4,255,28,160,45,95,
4.016,255,4,255,16,193,47,95,
4.016,255,4,255,20,163,46,96,
4.016,255,3,255,24,191,44,96,
4.016,255,4,255,28,209,47,97,
4.016,255,4,255,16,177,45,96,
4.016,255,4,255,20,178,47,95,
4.016,255,3,0,24,191,32,96,
4.016,255,4,255,28,176,46,95,
4.016,255,4,255,16,192,46,96,
4.016,255,4,255,20,209,47,96,
4.016,255,4,255,24,160,47,96,
4.016,255,3,255,28,207,47,95,
4.016,255,4,255,16,145,47,95,
4.016,255,4,255,20,209,45,96,
4.115,255,4,255,16,194,46,95,
4.115,255,4,255,20,163,45,96,
4.115,255,4,255,24,176,45,96,
4.115,255,4,255,28,194,47,96,
4.115,255,4,255,16,178,46,96,
4.115,255,4,255,20,195,47,95,
4.115,255,4,255,24,209,46,95,
4.115,255,4,255,28,208,47,96,
4.115,255,4,255,16,194,46,96,
4.115,255,4,255,20,194,47,96,
4.115,255,4,255,24,180,45,96,
4.115,255,4,255,28,240,46,96,
4.115,255,4,255,16,161,47,96,
4.115,255,4,255,20,163,46,96,
4.115,255,3,255,24,207,47,96,
4.115,255,4,255,28,177,46,96,
4.115,255,4,255,16,192,46,96,
4.115,255,4,255,20,193,47,96,
4.115,255,4,255,24,179,47,96,
4.115,255,4,255,28,177,45,96,
4.115,255,4,255,16,225,46,96,
4.115,255,4,0,20,195,32,95,
4.115,255,4,255,24,176,47,96,
4.115,255,3,255,28,159,46,96,
4.115,255,4,255,16,194,46,95,
4.115,255,4,255,20,147,47,94,
4.115,255,4,255,24,178,46,95,
4.115,255,3,255,28,191,46,96,
4.115,255,4,255,16,179,47,95,
4.115,255,4,255,20,197,47,95,
4.115,255,4,0,24,211,32,95,
4.115,255,4,255,28,227,47,96,
4.115,255,4,255,16,209,47,96,
4.115,255,3,255,20,191,47,95,
4.115,255,3,255,24,207,47,96,
4.115,255,4,255,28,177,46,96,
4.115,255,3,0,16,207,32,96,
4.115,255,4,255,20,130,47,95,
4.115,255,4,255,24,176,46,97,
4.115,255,4,255,28,161,47,96,
4.115,255,4,255,16,194,47,96,
4.115,255,3,255,20,190,46,96,
4.115,255,4,255,24,211,46,95,
4.115,255,4,0,28,194,32,96,
4.115,255,4,255,16,177,47,95,
4.115,255,4,255,20,210,46,96,
4.115,255,4,255,24,178,46,96,
4.115,255,4,255,28,162,47,95,
4.115,255,4,255,16,162,46,96,
4.115,255,4,255,20,192,46,96,
4.214,255,4,255,16,209,46,96,
4.214,255,4,255,20,196,47,96,
4.214,255,4,255,24,194,46,96,
4.214,255,4,255,28,212,47,96,
4.214,255,4,255,16,179,46,96,
4.214,255,4,255,20,194,46,95,
4.214,255,4,255,24,225,47,95,
4.214,255,4,255,28,164,46,95,
4.214,255,4,255,16,163,46,96,
4.214,255,4,255,20,180,47,96,
4.214,255,4,255,24,197,47,96,
4.214,255,4,255,28,194,45,96,
4.214,255,4,255,16,211,46,96,
4.214,255,4,255,20,179,46,96,
4.214,255,4,255,24,210,47,95,
4.214,255,4,255,28,147,47,96,
4.214,255,4,255,16,210,47,95,
4.214,255,4,255,20,195,47,96,
4.214,255,4,255,24,182,46,96,
4.214,255,4,255,28,163,47,95,
4.214,255,4,255,16,164,46,96,
4.214,255,4,255,20,211,46,96,
4.214,255,4,255,24,180,47,96,
4.214,255,4,255,28,179,47,96,
4.214,255,4,255,16,163,47,96,
4.214,255,4,255,20,162,46,96,
4.214,255,4,255,24,147,46,95,
4.214,255,4,255,28,149,45,96,
4.214,255,4,255,16,180,46,96,
4.214,255,4,255,20,195,47,96,
4.214,255,4,255,24,146,45,96,
4.214,255,4,255,28,179,47,96,
4.214,255,4,255,16,146,46,96,
4.214,255,4,255,20,178,46,96,
4.214,255,4,0,24,163,32,96,
4.214,255,4,0,28,209,32,95,
4.214,255,4,255,16,179,46,96,
4.214,255,4,255,20,179,46,95,
4.214,255,4,255,24,162,46,95,
4.214,255,4,255,28,180,47,96,
4.214,255,4,255,16,166,47,96,
4.214,255,4,255,20,178,47,96,
4.214,255,4,255,24,197,46,95,
4.214,255,4,255,28,182,46,96,
4.214,255,4,255,16,195,47,96,
4.214,255,4,255,20,165,46,95,
4.214,255,4,255,24,194,46,96,
4.214,255,4,255,28,163,47,96,
4.214,255,4,255,16,163,46,96,
4.214,255,4,255,20,147,47,95,
4.313,255,4,255,16,182,44,96,
4.313,255,4,255,20,163,47,95,
4.313,255,4,255,24,165,47,96,
4.313,255,4,255,28,149,46,96,
4.313,255,4,255,16,162,47,96,
4.313,255,4,0,20,182,32,96,
4.313,255,4,255,24,197,47,96,
4.313,255,4,255,28,196,45,96,
4.313,255,4,255,16,195,47,96,
4.313,255,4,255,20,165,46,96,
4.313,255,4,255,24,132,47,96,
4.313,255,4,255,28,213,47,95,
4.313,255,4,255,16,164,47,96,
4.313,255,4,255,20,165,47,96,
4.313,255,4,255,24,164,47,96,
4.313,255,4,255,28,180,47,96,
4.313,255,4,255,16,165,46,96,
4.313,255,4,255,20,181,47,95,
4.313,255,4,255,24,197,46,96,
4.313,255,4,255,28,181,46,96,
4.313,255,4,255,16,181,46,96,
4.313,255,4,0,20,151,32,96,
4.313,255,4,255,24,197,46,97,
4.313,255,4,255,28,196,47,96,
4.313,255,4,255,16,150,47,96,
4.313,255,4,255,20,195,45,96,
4.313,255,4,255,24,167,47,95,
4.313,255,4,255,28,226,46,95,
4.313,255,4,255,16,180,46,96,
4.313,255,4,0,20,165,32,95,
4.313,255,4,255,24,228,45,96,
4.313,255,4,255,28,181,46,96,
4.313,255,4,255,16,199,46,96,
4.313,255,4,255,20,135,45,96,
4.313,255,4,255,24,179,46,96,
4.313,255,4,255,28,197,46,96,
4.313,255,4,255,16,178,47,95,
4.313,255,4,255,20,180,47,96,
4.313,255,4,255,24,165,46,95,
4.313,255,4,255,28,164,47,95,
4.313,255,4,255,16,147,46,96,
4.313,255,4,0,20,149,32,96,
4.313,255,4,255,24,213,47,95,
4.313,255,4,255,28,165,47,97,
4.313,255,4,255,16,229,46,96,
4.313,255,4,255,20,211,46,96,
4.313,255,4,255,24,181,44,96,
4.313,255,4,255,28,195,46,96,
4.313,255,4,0,16,167,32,96,
4.313,255,4,255,20,165,47,95,
4.412,255,4,255,16,214,47,96,
4.412,255,4,255,20,134,47,95,
4.412,255,4,255,24,182,46,96,
4.412,255,4,255,28,182,46,95,
4.412,255,4,0,16,166,32,95,
4.412,255,4,255,20,167,46,96,
4.412,255,4,255,24,200,46,96,
4.412,255,4,255,28,166,45,96,
4.412,255,4,255,16,182,46,96,
4.412,255,4,255,20,150,47,96,
4.412,255,4,255,24,165,47,95,
4.412,255,4,255,28,184,47,96,
4.412,255,4,255,16,184,47,96,
4.412,255,4,255,20,182,47,96,
4.412,255,4,255,24,230,47,96,
4.412,255,4,255,28,135,45,95,
4.412,255,4,255,16,215,45,96,
4.412,255,4,255,20,198,46,94,
4.412,255,4,255,24,181,46,97,
4.412,255,4,255,28,212,46,96,
4.412,255,4,255,16,196,47,96,
4.412,255,4,255,20,197,45,96,
4.412,255,4,255,24,166,47,96,
4.412,255,4,255,28,167,46,96,
4.412,255,4,255,16,213,46,96,
4.412,255,4,255,20,198,46,96,
4.412,255,4,255,24,163,46,96,
4.412,255,4,255,28,184,46,96,
4.412,255,4,0,16,167,32,96,
4.412,255,4,255,20,214,45,95,
4.412,255,4,255,24,215,46,96,
4.412,255,4,255,28,166,46,96,
4.412,255,4,255,16,200,47,97,
4.412,255,4,255,20,134,47,96,
4.412,255,4,255,24,166,46,96,
4.412,255,4,255,28,212,45,96,
4.412,255,4,255,16,129,46,96,
4.412,255,4,255,20,165,46,96,
4.412,255,4,255,24,199,47,96,
4.412,255,4,255,28,213,45,96,
4.412,255,4,255,16,164,46,96,
4.412,255,4,255,20,165,47,95,
4.412,255,4,255,24,166,46,96,
4.412,255,4,255,28,166,45,96,
4.412,255,4,255,16,198,47,96,
4.412,255,4,255,20,198,46,96,
4.412,255,4,255,24,183,47,96,
4.412,255,4,255,28,166,46,95,
4.412,255,4,255,16,150,47,96,
4.412,255,4,255,20,197,45,95,
4.511,255,4,255,16,168,47,96,
4.511,255,4,255,20,155,45,96,
4.511,255,4,255,24,214,47,96,
4.511,255,4,255,28,184,46,95,
4.511,255,4,255,16,136,46,96,
4.511,255,4,255,20,167,46,95,
4.511,255,4,255,24,152,47,96,
4.511,255,4,255,28,201,47,95,
4.511,255,4,255,16,152,47,96,
4.511,255,4,255,20,168,46,96,
4.511,255,4,255,24,183,46,95,
4.511,255,4,255,28,151,45,95,
4.511,255,4,255,16,234,46,96,
4.511,255,4,255,20,153,45,97,
4.511,255,4,255,24,199,47,96,
4.511,255,4,255,28,185,46,96,
4.511,255,4,255,16,183,47,96,
4.511,255,4,255,20,183,46,96,
4.511,255,4,255,24,184,47,96,
4.511,255,4,255,28,199,46,96,
4.511,255,4,255,16,199,45,96,
4.511,255,4,255,20,184,46,96,
4.511,255,4,255,24,200,46,95,
4.511,255,4,255,28,197,46,95,
4.511,255,4,255,16,216,46,96,
4.511,255,4,255,20,168,46,96,
4.511,255,4,255,24,169,45,95,
4.511,255,4,0,28,201,32,95,
4.511,255,4,255,16,200,46,96,
4.511,255,4,255,20,183,47,96,
4.511,255,4,255,24,170,47,95,
4.511,255,4,255,28,152,47,96,
4.511,255,4,255,16,183,46,96,
4.511,255,4,255,20,154,45,96,
4.511,255,4,255,24,168,47,96,
4.511,255,4,255,28,199,46,95,
4.511,255,4,255,16,202,46,96,
4.511,255,4,255,20,184,45,96,
4.511,255,4,255,24,199,47,96,
4.511,255,4,255,28,216,46,94,
4.511,255,4,255,16,186,45,96,
4.511,255,4,255,20,184,45,96,
4.511,255,4,255,24,203,47,96,
4.511,255,4,255,28,168,47,96,
4.511,255,4,255,16,198,45,96,
4.511,255,4,255,20,168,45,97,
4.511,255,4,255,24,169,47,96,
4.511,255,4,255,28,168,47,96,
4.511,255,4,255,16,202,47,96,
4.511,255,4,255,20,169,45,95,
4.609,255,4,255,16,218,47,95,
4.609,255,4,255,20,187,46,96,
4.609,255,4,255,24,202,47,96,
4.609,255,4,255,28,168,46,96,
4.609,255,4,255,16,168,47,96,
4.609,255,4,255,20,186,46,94,
4.609,255,4,255,24,186,46,96,
4.609,255,4,255,28,218,47,97,
4.609,255,4,255,16,187,45,96,
4.609,255,4,255,20,151,47,96,
4.609,255,4,255,24,170,45,96,
4.609,255,4,255,28,170,46,96,
4.609,255,4,255,16,137,45,96,
4.609,255,4,255,20,171,47,96,
4.609,255,4,255,24,188,47,96,
4.609,255,4,255,28,155,47,96,
4.609,255,4,255,16,185,46,95,
4.609,255,4,255,20,168,47,97,
4.609,255,4,255,24,187,46,97,
4.609,255,4,255,28,169,47,95,
4.609,255,4,255,16,136,46,96,
4.609,255,4,255,20,169,46,96,
4.609,255,4,255,24,217,45,96,
4.609,255,4,255,28,183,45,96,
4.609,255,4,255,16,184,47,95,
4.609,255,4,255,20,170,46,96,
4.609,255,4,255,24,184,46,96,
4.609,255,4,255,28,169,46,96,
4.609,255,4,255,16,201,46,96,
4.609,255,4,255,20,185,46,97,
4.609,255,4,255,24,137,46,96,
4.609,255,4,255,28,218,45,96,
4.609,255,4,255,16,186,44,96,
4.609,255,4,255,20,201,46,97,
4.609,255,4,255,24,120,47,97,
4.609,255,4,255,28,169,45,96,
4.609,255,4,255,16,171,47,96,
4.609,255,4,255,20,186,46,96,
4.609,255,4,255,24,184,46,96,
4.609,255,4,255,28,186,46,96,
4.609,255,4,255,16,170,46,96,
4.609,255,4,255,20,152,45,96,
4.609,255,4,255,24,185,47,96,
4.609,255,4,255,28,183,47,96,
4.609,255,4,255,16,232,47,96,
4.609,255,4,255,20,187,47,96,
4.609,255,4,255,24,183,47,96,
4.609,255,4,255,28,153,47,95,
4.609,255,4,255,16,185,46,95,
4.609,255,4,255,20,170,46,96,
4.708,255,4,0,16,187,32,96,
4.708,255,4,255,20,186,46,96,
4.708,255,4,255,24,203,47,96,
4.708,255,4,255,28,173,46,95,
4.708,255,4,255,16,154,46,96,
4.708,255,4,255,20,217,46,96,
4.708,255,4,255,24,201,46,96,
4.708,255,4,255,28,171,45,95,
4.708,255,4,255,16,138,45,96,
4.708,255,4,255,20,169,44,95,
4.708,255,4,255,24,190,47,96,
4.708,255,4,255,28,154,46,96,
4.708,255,4,255,16,204,44,96,
4.708,255,4,255,20,171,47,96,
4.708,255,4,255,24,185,46,95,
4.708,255,4,255,28,205,46,96,
4.708,255,4,255,16,201,47,96,
4.708,255,4,255,20,188,47,96,
4.708,255,4,255,24,171,47,97,
4.708,255,4,255,28,188,47,96,
4.708,255,4,255,16,188,47,96,
4.708,255,4,255,20,204,45,96,
4.708,255,4,255,24,170,46,96,
4.708,255,4,255,28,187,46,96,
4.708,255,4,255,16,185,47,95,
4.708,255,4,255,20,171,45,96,
4.708,255,4,255,24,186,47,96,
4.708,255,4,255,28,154,47,95,
4.708,255,4,255,16,204,46,96,
4.708,255,4,255,20,172,46,96,
4.708,255,4,255,24,170,46,96,
4.708,255,4,255,28,171,46,96,
4.708,255,4,255,16,204,46,96,
4.708,255,4,255,20,203,47,95,
4.708,255,4,255,24,219,46,96,
4.708,255,4,255,28,154,46,96,
4.708,255,4,255,16,186,47,96,
4.708,255,4,255,20,190,46,96,
4.708,255,4,255,24,186,46,96,
4.708,255,4,255,28,203,47,96,
4.708,255,4,255,16,171,47,96,
4.708,255,4,255,20,185,46,96,
4.708,255,4,255,24,172,46,96,
4.708,255,4,255,28,170,45,96,
4.708,255,4,255,16,171,46,95,
4.708,255,4,255,20,204,47,95,
4.708,255,4,255,24,154,47,97,
4.708,255,4,255,28,219,47,96,
4.708,255,4,255,16,170,46,96,
4.708,255,4,255,20,158,47,96,
4.806,255,4,255,16,189,45,96,
4.806,255,4,0,20,205,32,96,
4.806,255,4,255,24,172,46,95,
4.806,255,4,255,28,189,47,96,
4.806,255,4,255,16,188,47,96,
4.806,255,4,255,20,172,47,96,
4.806,255,4,255,24,158,46,96,
4.806,255,4,255,28,189,45,97,
4.806,255,4,255,16,187,46,96,
4.806,255,4,255,20,219,45,96,
4.806,255,4,255,24,142,46,95,
4.806,255,4,255,28,156,46,96,
4.806,255,4,255,16,172,46,96,
4.806,255,4,255,20,155,46,96,
4.806,255,4,255,24,188,46,96,
4.806,255,4,255,28,188,46,95,
4.806,255,4,255,16,188,46,96,
4.806,255,4,255,20,188,46,96,
4.806,255,4,255,24,188,47,95,
4.806,255,4,255,28,189,45,96,
4.806,255,4,255,16,188,47,96,
4.806,255,4,255,20,156,47,96,
4.806,255,4,255,24,205,44,95,
4.806,255,4,255,28,205,46,96,
4.806,255,4,255,16,187,44,96,
4.806,255,4,255,20,156,46,95,
4.806,255,4,255,24,173,47,96,
4.806,255,4,255,28,139,46,95,
4.806,255,4,255,16,173,46,96,
4.806,255,4,255,20,201,47,95,
4.806,255,4,255,24,204,47,96,
4.806,255,4,0,28,157,32,96,
4.806,255,4,255,16,189,45,96,
4.806,255,4,255,20,188,46,96,
4.806,255,4,255,24,173,45,95,
4.806,255,4,255,28,188,45,95,
4.806,255,4,255,16,190,45,96,
4.806,255,4,255,20,173,46,96,
4.806,255,4,255,24,174,46,96,
4.806,255,4,255,28,172,45,96,
4.806,255,4,255,16,190,46,96,
4.806,255,4,255,20,155,47,95,
4.806,255,4,255,24,188,45,96,
4.806,255,4,255,28,158,45,95,
4.806,255,4,255,16,174,46,96,
4.806,255,4,255,20,172,45,96,
4.806,255,4,255,24,189,46,96,
4.806,255,4,255,28,173,45,95,
4.806,255,4,255,16,155,46,97,
4.806,255,4,255,20,158,47,96,
4.905,255,4,255,16,173,46,95,
4.905,255,4,255,20,189,47,96,
4.905,255,4,255,24,204,47,96,
4.905,255,4,255,28,155,46,95,
4.905,255,4,255,16,157,47,96,
4.905,255,4,255,20,155,46,95,
4.905,255,4,255,24,173,46,96,
4.905,255,4,255,28,204,46,96,
4.905,255,4,255,16,154,45,96,
4.905,255,4,255,20,187,47,96,
4.905,255,4,255,24,207,45,95,
4.905,255,4,255,28,189,45,96,
4.905,255,4,255,16,203,47,97,
4.905,255,4,255,20,221,47,95,
4.905,255,4,255,24,223,47,96,
4.905,255,4,255,28,174,47,97,
4.905,255,4,255,16,189,47,97,
4.905,255,4,255,20,205,47,96,
4.905,255,4,255,24,156,45,96,
4.905,255,4,255,28,207,46,96,
4.905,255,4,255,16,189,46,96,
4.905,255,4,255,20,158,46,96,
4.905,255,4,255,24,172,46,95,
4.905,255,4,255,28,190,45,96,
4.905,255,5,255,16,160,47,95,
4.905,255,4,255,20,206,46,96,
4.905,255,4,255,24,221,47,96,
4.905,255,4,255,28,174,46,95,
4.905,255,4,255,16,190,47,97,
4.905,255,4,0,20,156,32,96,
4.905,255,4,255,24,173,46,96,
4.905,255,4,255,28,206,47,96,
4.905,255,4,255,16,173,46,96,
4.905,255,4,255,20,172,46,96,
4.905,255,4,255,24,188,46,97,
4.905,255,4,255,28,206,47,96,
4.905,255,4,255,16,190,47,95,
4.905,255,4,255,20,157,46,96,
4.905,255,4,255,24,171,46,96,
4.905,255,4,0,28,172,32,95,
4.905,255,4,255,16,157,46,96,
4.905,255,4,255,20,188,47,95,
4.905,255,4,255,24,218,46,96,
4.905,255,4,255,28,190,46,96,
4.905,255,4,255,16,205,47,95,
4.905,255,4,255,20,222,45,95,
4.905,255,4,255,24,190,46,96,
4.905,255,4,255,28,186,47,95,
4.905,255,4,255,16,174,46,95,
4.905,255,4,255,20,172,46,97,
5.0,255,4,255,16,221,46,96,
5.0,255,4,255,20,204,47,95,
5.0,255,4,255,24,173,46,95,
5.0,255,5,255,28,208,46,96,
5.0,255,4,255,16,190,47,97,
5.0,255,4,255,20,159,46,95,
5.0,255,4,255,24,175,46,96,
5.0,255,4,255,28,191,47,96,
5.0,255,5,255,16,144,47,95,
5.0,255,4,255,20,190,47,96,
5.0,255,4,255,24,191,46,96,
5.0,255,4,255,28,156,45,96,
5.0,255,4,255,16,207,46,96,
5.0,255,4,255,20,218,47,96,
5.0,255,4,255,24,174,46,96,
5.0,255,4,255,28,173,46,96,
5.0,255,4,255,16,207,46,95,
5.0,255,4,255,20,171,46,96,
5.0,255,4,255,24,223,46,97,
5.0,255,5,255,28,177,46,96,
5.0,255,4,255,16,220,46,96,
5.0,255,4,255,20,175,47,96,
5.0,255,4,255,24,143,45,96,
5.0,255,4,255,28,174,46,96,
5.0,255,4,255,16,173,45,96,
5.0,255,4,255,20,191,45,95,
5.0,255,4,255,24,189,47,97,
5.0,255,4,255,28,174,46,95,
5.0,255,4,0,16,174,32,96,
5.0,255,4,255,20,157,46,96,
5.0,255,4,255,24,157,46,95,
5.0,255,5,255,28,176,47,96,
5.0,255,4,255,16,191,47,96,
5.0,255,4,255,20,175,47,97,
5.0,255,4,255,24,207,47,96,
5.0,255,4,255,28,190,46,95,
5.0,255,4,255,16,95,46,97,
5.0,255,4,255,20,173,45,96,
5.0,255,4,255,24,142,46,96,
5.0,255,4,255,28,175,47,96,
5.0,255,4,255,16,222,46,97,
5.0,255,4,255,20,175,45,96,
5.0,255,5,255,24,160,46,95,
5.0,255,4,255,28,159,46,97,
5.0,255,5,255,16,144,47,96,
5.0,255,4,255,20,157,46,97,
5.0,255,4,255,24,156,47,95,
5.0,255,4,255,28,172,46,97,
5.0,255,4,255,16,189,47,96,
5.0,255,4,255,20,223,46,96,
